Mots,frequence
Herr,4985 # freq*IDF*coef_emo 
uff,1669
Ja,1426
uf,1417
Madame,1029
Mann,797
kumme,791
grad,787
halt,687
guet,602
lang,592
Madam,476
wohr,440
güet,437
Jumpfer,411
ku,407
gern,406
Kind,397
recht,382
Vater,368
kumm,365
gemacht,335
Geld,331
Eh,313
Gott,306
Herz,298
Hüs,297
Mame,295
Wort,289
sicher,288
liewer,285
Kinder,277
schnell,265
unter,265
Babbe,264
mine,249
miner,239
Mamme,236
wohl,234
viellicht,210
Dokter,209
Zit,202
schön,200
allewil,198
mein,195
Freundlich,193
lon,189
meine,185
lacht,183
mitnander,182
saat,178
Schimmel,178
Tochter,177
Babe,176
glaüb,175
Himmel,168
Zitt,163
sehr,162
lüt,153
loss,148
Kalt,147
warte,146
G'sang,143
Dampf,143
voll,142
verlore,141
Herre,140
geje,140
Frind,140
genn,137
still,136
Fir,136
lieb,135
halte,133
allei,133
lo,133
alte,130
laut,129
Angscht,128
Guet,127
gà,126
Kumm,125
hin,125
Chrischtian,125
glaub,124
spiele,124
junge,123
lachend,123
lonn,122
hoch,121
Deifel,120
bekumme,119
vergesse,117
lehre,116
Ehr,114
lache,114
Fraid,113
Lehrer,113
gänn,112
Müsik,112
Maidel,111
ellein,110
froh,109
morje,106
Hoor,106
Brüeder,105
Lieb,104
güete,104
Glick,104
Mitnander,103
gän,102
allewyl,101
helfe,101
g'macht,101
Streifer,100
Glück,99
Hüss,99
schöne,98
Freid,98
Franz,98
gross,96
Gald,96
Ganz,95
Dank,95
zamme,95
bitt,94
hält,93
Fall,92
krank,91
Recht,90
dumm,90
Mül,90
güeter,89
jung,88
Angst,87
scheen,87
Dame,86
wart,84
junger,84
stille,82
Pause,82
einfach,81
gueti,81
Silwer,81
weh,80
Frisch,80
schlecht,79
singe,78
Vadder,78
erfahre,78
arm,77
alter,77
Alter,77
hie,76
Liewer,75
Morje,75
schwer,74
Jesses,74
Schmutz,74
Gsicht,73
anders,73
verruckt,73
lange,72
fehlt,72
Schuld,72
Güet,72
Land,71
brav,71
zornig,71
frisch,70
stelle,69
Patron,69
gege,69
gegen,68
lütt,68
Maidle,67
Andrees,66
stolz,65
gueter,65
Fränz,65
Seel,64
Schnell,64
Gsundheit,64
stark,63
komme,63
Narr,63
Stock,63
Haus,61
Wunder,61
Männel,61
racht,61
Morge,61
glicklig,61
Schaber,61
Guete,60
Schand,59
Hochzitt,59
morn,58
guete,58
versproche,58
kleine,58
Meister,57
Hochzitter,56
allein,55
liewe,55
süeche,55
Liewe,55
hol,54
Herze,54
dank,54
Still,54
hoffe,54
spot,54
richtig,54
Familie,54
spoot,53
Achtung,53
anderscht,53
Fanfare,53
Macht,52
Maischter,52
Musik,52
Grossbabbe,52
Man,51
schwarz,51
Dochter,51
Hunger,51
heiss,51
Plän,51
läwe,51
Doktr,51
frei,50
bekumm,50
Leid,50
Kleine,50
heisse,50
gut,49
Männer,49
kalt,49
freudig,49
gescht,49
Schnitz,49
Brueder,48
gsund,48
sueche,48
Tod,48
Buckel,48
bitte,48
wütend,48
Bluet,47
allewiel,47
hirote,47
leer,47
nett,46
Gift,46
schöner,46
Unglück,46
Stille,46
Kumme,46
falle,46
zahle,46
Gesicht,46
eilt,46
licht,46
glauwe,45
lewe,45
kommen,45
leid,45
unterbricht,45
Geischt,45
afange,45
zusammen,44
verliere,44
Wunsch,44
Dieb,44
zefridde,44
schad,44
Harre,44
Glüeck,44
Hitzig,44
Mueder,43
Plan,43
Pfarrer,43
Hoffnung,43
Schrei,43
schöen,43
Chef,43
Zorn,42
verliebt,42
gann,42
Müll,42
endlich,41
komm,41
Blick,41
Harz,41
leider,41
helf,41
bös,41
Wil,41
warde,40
Verstand,40
Eltere,40
patron,40
Ehre,39
koche,39
armer,39
lachen,39
verlegen,39
Mittel,38
satt,38
G'sicht,38
efange,38
Liebe,37
Hof,37
Alte,37
starik,37
stell,37
Polizist,37
glücklich,36
nichts,36
beliebt,36
Weh,36
Los,36
fange,36
anfange,36
vorsichtig,36
danke,36
gläub,36
länger,35
rächt,35
Meinung,35
rot,35
Meine,35
iwel,35
Sunn,34
wild,34
schuld,34
Simpel,34
allewill,34
Professor,34
G'sundheit,34
schnall,34
Weg,33
bekannt,33
unte,33
Kraft,33
Engel,33
Worte,33
Hafe,33
Chance,33
Arweit,33
Krach,33
Zeit,32
Höll,32
Ungeduld,32
dumme,32
Liewi,32
rote,32
erregt,32
Armer,32
Herrschaft,32
Kaschte,32
böes,32
fescht,32
Vatter,32
Fröhlich,32
verzeihe,32
Koch,31
Hoft,31
bisamme,31
nieder,31
Hochzit,31
warm,31
genau,31
Salon,31
Herren,31
ga,31
Fräulein,31
Hex,30
Huus,30
schuldi,30
heilig,30
scheene,30
fehle,30
Sehn,30
Reis,30
garn,30
entsetzt,30
hell,29
scheeni,29
klar,29
armi,29
gmacht,29
Uhr,29
meiner,29
ärgerlich,29
Schweiss,29
Komm,29
Fröuj,29
Kriej,29
ängstlich,29
Friend,29
Dummheite,29
lide,29
Offizier,29
friede,29
villicht,28
Fehler,28
Spiel,28
gewunne,28
Buschur,28
Hochzittere,28
Herrschafte,28
schöeni,28
fiehre,28
süech,28
Freund,27
meinen,27
rechte,27
Ziel,27
Gschäft,27
weinend,27
Dummheit,27
lächelnd,27
fallen,27
Schrecke,27
Gewisse,27
Ernscht,27
Fäll,27
Mansch,27
Richtig,27
versteckt,27
grine,27
ungeduldig,27
Gewiß,26
langi,26
heftig,26
betracht,26
Zitte,26
liebschte,26
Leiter,26
Fescht,26
verdiene,26
Soldate,26
Ühre,26
Eldere,26
Lachen,26
schla,26
suech,25
gschickt,25
Jugend,25
schöni,25
offe,25
Wohrheit,25
kleini,25
verschwunde,25
Elend,25
erschrocken,25
lieber,25
Kamerade,25
natt,25
Blüet,25
ziemlig,25
elektrisch,25
Schad,24
jungi,24
Grab,24
Nochber,24
gstorwe,24
dummer,24
wichtig,24
letz,24
netti,24
verschrocke,24
Scharf,24
Fridde,24
verschwindet,24
Ahnung,24
Wihnachte,24
trumpiere,24
zärtlich,24
g'schickt,24
Unglick,24
Ju,24
schlage,24
fahlt,24
hien,23
klein,23
ward,23
Stolz,23
Leben,23
schwarze,23
Freude,23
bleich,23
lütter,23
Familli,23
Endlich,23
Deckel,23
böse,23
Not,23
glauwi,23
wirklig,23
Gsündhäit,23
sunderbar,23
güat,23
hoff,22
Band,22
Schuel,22
Gewalt,22
verspreche,22
treten,22
Lache,22
verrote,22
Mittle,22
Paus,22
Soldat,22
Fräid,22
großartig,22
verlange,22
kleiner,22
Notari,22
Direkter,22
kauft,21
Eltre,21
vielleicht,21
streng,21
schlimm,21
Bildung,21
feierlich,21
Schrank,21
Wuet,21
Unter,21
Strüss,21
älter,21
chance,21
Ewigkeit,21
Geischter,21
trürig,21
Racht,21
danze,20
Schatz,20
Schön,20
scharf,20
Erbschaft,20
Wahl,20
ewig,20
erwartet,20
Lohn,20
weinerlich,20
frech,20
dief,20
Arwet,20
schmecke,20
plötzlich,20
Traum,20
Müül,20
selig,20
bienand,20
heiliger,20
kräftig,20
singen,20
loon,20
bisse,20
ehrlich,20
wunderfitzig,20
Durscht,20
Sitzung,20
gerischt,20
Friede,20
gerade,20
schuldig,20
tanze,20
Portner,20
gued,20
schlechter,19
losse,19
geben,19
Kunst,19
gute,19
Kranke,19
Gewitter,19
komisch,19
Geist,19
rechten,19
aufgeregt,19
drucke,19
Fröüj,19
lustig,19
Sicher,19
Jumpfere,19
Lacht,19
Bumbié,19
empfange,19
Hitz,19
schwach,19
Bitte,19
blose,19
vergasse,19
schlacht,19
schlechte,19
schwar,19
Diebe,19
Schüal,19
kumma,19
bees,18
scheener,18
Imm,18
Sind,18
schlaa,18
kleinen,18
gscheid,18
Nerve,18
einzig,18
Kummer,18
gelte,18
Damen,18
nachdenklich,18
zähle,18
uffgerejt,18
weich,18
angenehm,18
unschuldig,18
frej,18
Kriz,18
schiesse,18
g'sund,18
lebhaft,18
latz,18
Rüeh,18
wiescht,18
Pistole,18
Schinder,17
Anfang,17
sait,17
Loos,17
Dolle,17
versprich,17
Verdacht,17
voller,17
ankumme,17
eifrig,17
brave,17
gröschte,17
eilig,17
Allmächtiger,17
verzweifelt,17
Doochter,17
beleidigt,17
erwart,17
erwarte,17
rasend,17
verschwinde,17
Reise,17
rischte,17
gläuwe,17
säit,17
Krankheit,17
Parole,17
heiße,17
begriffe,17
Gelte,17
Schade,17
Güete,17
langer,17
effet,17
G'heimniss,17
Teifel,17
lohn,17
Muul,16
falsch,16
Stein,16
Schmerz,16
Schicksal,16
blos,16
Held,16
Dreck,16
Heiliger,16
betrachte,16
elend,16
Pfund,16
Kamerad,16
ohnmächtig,16
Arbeit,16
Witz,16
Umarmung,16
spiel,16
luschti,16
Danke,16
Hiesel,16
halfe,16
Mäide,16
Kampf,16
passt,16
Famili,16
eifach,16
Komma,16
verlobt,16
schmutze,16
riskiere,16
verlang,16
verstand,16
G'wisse,16
Müater,16
loh,16
Schulde,15
Blueme,15
eilen,15
Last,15
schade,15
wachse,15
zwinge,15
Viellicht,15
überrascht,15
Pläsier,15
Tropf,15
Lampe,15
Sturm,15
Trumpf,15
Verspreche,15
Körper,15
Glauwe,15
lätzi,15
gespannt,15
lätz,15
schreien,15
Uffrejung,15
spare,15
fin,15
wünsche,15
Kräfte,15
Professer,15
Pris,15
Zall,15
Mäinung,15
G'spass,15
Beifall,15
Freide,15
verhirot,15
leben,14
lusti,14
Drache,14
alten,14
Helfe,14
schwere,14
gewinne,14
Wohret,14
Angel,14
Tropfe,14
glüecklich,14
heilige,14
biesamme,14
umesunscht,14
Unglüeck,14
Rot,14
Find,14
Richtum,14
Bewies,14
reise,14
stärker,14
süfer,14
Flint,14
Büffet,14
fasse,14
heiß,14
annemme,14
binander,14
Gescht,14
Beleidigung,14
Sünde,14
Opfer,14
verwirrt,14
charmant,14
Manner,14
Teschtament,14
schen,14
füere,13
Narre,13
sicht,13
Schlaa,13
braver,13
freundlich,13
Ruhe,13
gebroche,13
Freiheit,13
wüensch,13
Schluck,13
garantier,13
Wahle,13
Schmerze,13
fraid,13
stosse,13
schwitz,13
heiter,13
Jaa,13
Geste,13
Fier,13
verderwe,13
schrecklich,13
versicher,13
ziemlich,13
hoche,13
höchste,13
Brüder,13
Müehj,13
Verwunderung,13
Stelle,13
gwiss,13
frindlich,13
Aufregung,13
Portnere,13
lach,12
fein,12
dunkle,12
Eltern,12
Spott,12
basst,12
Härz,12
Junge,12
Summer,12
Verein,12
kranke,12
under,12
versteckelt,12
wünsch,12
schiene,12
bigott,12
zahl,12
sprachlos,12
versueche,12
gelunge,12
Mass,12
Stoss,12
Aktie,12
trette,12
unglüecklich,12
Ohnmacht,12
Troscht,12
Mumes,12
willkumme,12
pfiffe,12
dunkel,12
Kaib,12
bitter,12
verzeje,12
Mueter,12
geheimnisvoll,12
Leib,12
schöene,12
Pläsir,12
Klein,12
hiele,12
Frindschaft,12
Gottsacker,12
leischte,12
gedenke,12
inverstande,12
engagiert,12
Lehr,12
profetiere,12
leere,12
Guten,12
Sorge,12
Gedicht,12
glauib,12
mäine,12
Opposition,12
Soldaten,12
Zeje,12
Revolver,12
Müet,12
lawa,12
Mord,11
Glük,11
guede,11
zsamme,11
breche,11
treu,11
frischi,11
Glaub,11
bravi,11
Scheen,11
fählt,11
Respekt,11
Fraide,11
morgen,11
freie,11
Düell,11
Tanz,11
schwimme,11
Tränen,11
Baam,11
Jesüs,11
stürmisch,11
Kneckes,11
ernscht,11
Käfig,11
Lib,11
knapp,11
messe,11
Schwindel,11
ewige,11
schneller,11
schelte,11
Mörder,11
adje,11
Pfohl,11
griffe,11
freij,11
Bescht,11
Lamp,11
Erfahrung,11
Worten,11
triumphierend,11
üsgange,11
Toilette,11
wichtigi,11
raacht,11
g'scheidt,11
Fasenacht,11
Schwindler,11
Kunscht,11
fassen,11
Erb,11
vorüs,11
fül,11
hanke,11
begrawe,10
Doot,10
krieje,10
Brand,10
Schrift,10
Glanz,10
Gut,10
grob,10
lehr,10
Zäll,10
zart,10
Doktor,10
Haltung,10
rechter,10
Träne,10
sing,10
Bund,10
adieu,10
Armen,10
bewiese,10
Rechnung,10
netter,10
Däifel,10
amesiere,10
krache,10
Vermöje,10
nervös,10
Natür,10
Sterne,10
Rätsel,10
gelade,10
müed,10
vergässe,10
Spass,10
versichere,10
bestimmt,10
schlächt,10
abhalte,10
erschreckt,10
Stimmung,10
finschter,10
Grossvater,10
schöener,10
Amen,10
Geburtsdaa,10
Menschheit,10
gröscht,10
weinen,10
beditte,10
lichtsinnig,10
bedüre,10
Satan,10
Begriff,10
Brieder,10
schoeni,10
minne,10
helle,10
Hüß,10
wietig,10
G’sundheit,10
Männele,10
G'falle,10
Junger,10
putze,10
Fritig,10
schliche,10
Raacht,10
Töchter,10
Tat,10
spielen,10
stossen,10
suchen,10
amüsiere,10
Richtigkeit,10
niesen,10
Maske,10
mied,10
Cabinet,10
G'setz,10
Schandarm,10
Rühe,10
Gemäind,10
G’sicht,10
gläuib,10
Scheidung,10
Hochzyt,9
endli,9
gemein,9
guten,9
Streit,9
geglaubt,9
Vermeeje,9
Härze,9
ellain,9
Schwur,9
Treue,9
schwarzi,9
Schönheit,9
lauter,9
Rächt,9
Bär,9
glückli,9
Lust,9
liab,9
Offe,9
verbiete,9
Gschbass,9
Hirote,9
Wüensch,9
starr,9
verlier,9
schütteln,9
verschmutze,9
Bubbele,9
verbrennt,9
tanzen,9
Gschäfte,9
böser,9
Blitz,9
Bitt,9
Reih,9
ehrliche,9
krische,9
lächelt,9
Pracht,9
verbote,9
Ühr,9
Luscht,9
Verlange,9
heimlich,9
Fröj,9
warmi,9
G'schäft,9
Satz,9
Wüet,9
schlimmer,9
stirb,9
lahm,9
starker,9
stellen,9
trieb,9
bitten,9
Wittmann,9
beleidige,9
chic,9
Metzjer,9
frische,9
blick,9
glicklich,9
Firma,9
lätze,9
häiss,9
führen,9
fahle,9
lawe,9
verstehen,9
empört,9
wisseschaftliche,9
grossartig,9
Medizin,9
seli,9
kämpfe,9
einzige,9
wahrhaft,9
ufrichtig,9
richte,9
Schlingel,9
Testament,9
Original,9
Nochbere,9
Falle,9
Müeder,9
Arnscht,9
g’schickt,9
Zahlmeischter,9
verlora,9
Kleiner,9
Krippele,9
Schmuz,8
Gsang,8
gewarnt,8
mächtig,8
Verdruß,8
Kracher,8
Jung,8
gros,8
verbiet,8
Krank,8
Schlag,8
herzlich,8
gen,8
schreiend,8
leicht,8
gelt,8
Chor,8
Singe,8
Muedder,8
getriewe,8
Schutz,8
Bluem,8
druck,8
süüfer,8
drohend,8
haiss,8
unglücklich,8
Mama,8
kapüt,8
ehrlicher,8
Flamme,8
begriff,8
füehre,8
Spitze,8
selte,8
verstick,8
umbringe,8
nette,8
vergess,8
Gfalle,8
ändere,8
luschtig,8
Unschuld,8
kalti,8
Üssicht,8
ruehj,8
miteinander,8
Donnerwetter,8
liebenswürdig,8
Irrtum,8
hänke,8
Elektrisch,8
gfitzt,8
Narrehüss,8
Ängschte,8
brüele,8
blöj,8
Ofen,8
gröeschte,8
warme,8
küriere,8
Tröpfel,8
verläje,8
wahrhafti,8
Leb,8
gerüscht,8
Villicht,8
führe,8
Reis',8
Schin,8
Zustimmung,8
Skandal,8
schoen,8
dankbar,8
unglicklich,8
Gejedeil,8
gan,8
schreie,8
Paradies,8
elektrische,8
kläglich,8
unterhalte,8
Rhümatisse,8
saöt,8
echter,8
Uehre,8
gemesse,8
Gfüehl,8
Verräter,8
Bajonett,8
flichte,8
Stern,8
begleite,8
umsunscht,8
Eh',8
Priest,8
Müeter,8
gläuwi,8
Gemeinde,8
bes,8
gænn,8
Kuss,8
gega,8
danka,8
Jeses,7
Sünd,7
gschosse,7
schönen,7
Freundschaft,7
richten,7
Gesundheit,7
Arzt,7
folge,7
Fett,7
Zaiche,7
bluet,7
Fang,7
glükli,7
dummi,7
gärn,7
strofe,7
guter,7
erreicht,7
Nammesdaa,7
Wacht,7
Bäre,7
Korn,7
beesi,7
schwarzer,7
gerne,7
Fest,7
Glauben,7
Eid,7
herrlich,7
Seele,7
höchsten,7
vergessen,7
Herzen,7
Willkumme,7
gfall,7
Morjes,7
unten,7
zähl,7
kranki,7
offen,7
Wunderfitz,7
Namesdaa,7
Zuck,7
kalte,7
verachte,7
energisch,7
buschur,7
erfreut,7
Eile,7
verständig,7
Dummer,7
tröschte,7
schwerer,7
traime,7
Politik,7
Gebet,7
Kischt,7
komischer,7
munter,7
helfen,7
verzwiefelt,7
Vergnügen,7
Lexikon,7
süfere,7
Schreck,7
Dejfel,7
verdorwe,7
Mischt,7
Gspass,7
Grüess,7
Rumatisse,7
hängen,7
Mangel,7
erschrickt,7
Liwer,7
Bettlad,7
richtige,7
toilette,7
trumpier,7
Hitze,7
betroffen,7
trüri,7
Versuech,7
Erfüllung,7
Folter,7
fordere,7
schließlich,7
Dokt'r,7
Schwarzer,7
einverstanden,7
Rettung,7
begeistert,7
Freie,7
begeischtert,7
Einfach,7
g’schosse,7
Vermeje,7
Schlacht,7
vertriwe,7
Guillotine,7
enttäuscht,7
bikumm,7
Gfangnis,7
Respakt,7
liebe,7
Empfang,7
unmöglich,7
Unruhe,7
Zeugnis,7
wahnsinnig,7
Heimweh,7
Heilige,7
verschaffe,7
lebe,7
Überraschung,7
offene,7
Duell,7
preveniere,7
Revolution,7
verfiehre,7
triwe,7
Hass,7
verbunde,7
klage,7
fine,7
Bar,7
Baba,7
Harze,7
Wünder,7
verzejhe,7
Söij,7
Wähler,7
hall,7
Halfe,7
Mieder,7
Schultz,7
Erben,7
Vermögen,7
Madamme,7
nat,7
gah,7
Begeischterung,7
ganza,7
gfanga,7
halfa,7
kocha,7
befreia,7
Chrischtus,7
Prieschter,7
anderst,6
erfüllt,6
Vielleicht,6
fehlen,6
folgen,6
Geister,6
alder,6
bysamme,6
Verliebt,6
frumm,6
Gfohr,6
Verstande,6
Frynd,6
glauben,6
sanft,6
Koche,6
iwwel,6
Spinne,6
Gosch,6
angfange,6
striche,6
Qual,6
gezwungen,6
verschrecke,6
frecher,6
Schlang,6
Lach,6
Kranket,6
beese,6
Imme,6
Prozess,6
Bruder,6
falschi,6
flott,6
förcht,6
Besuch,6
Gesang,6
herzige,6
friendlich,6
kichert,6
wichtiger,6
Bsuech,6
Jagd,6
biss,6
Anzahl,6
gschtohle,6
jungen,6
neugierig,6
Suech,6
letze,6
quäle,6
Brigadier,6
erlöst,6
Pries,6
Abgrund,6
Bettler,6
gfitzte,6
Danz,6
pfiff,6
Mess,6
Danze,6
bequem,6
uffrichtig,6
Maläschte,6
Finde,6
Mes,6
Hungersnot,6
Wahrhaftig,6
root,6
Prinzessin,6
schlecke,6
gschtorwe,6
versprech,6
Dolch,6
Botschaft,6
Sicherheit,6
giftig,6
Plaisir,6
gröescht,6
ängschtlich,6
Schirm,6
wüescht,6
Verbindung,6
entdeckt,6
spanne,6
schwärme,6
schlaue,6
Prise,6
langen,6
stöere,6
natter,6
wirkli,6
Humor,6
Liebschti,6
bsundersch,6
folgenden,6
furtgehn,6
Wahrhafti,6
ehrli,6
Gheimnis,6
Moral,6
amesiert,6
erfülle,6
trenne,6
Abschied,6
Verderwe,6
elende,6
Weinen,6
Mitleid,6
Wibsbild,6
übel,6
glaube,6
gstohle,6
verloren,6
ziemli,6
verlon,6
gemütlich,6
Verrucktheit,6
glänzende,6
Bande,6
fercht,6
vergelte,6
jünger,6
gebrennt,6
roh,6
Wünsch,6
Frejheit,6
Verruckter,6
Rezept,6
Kanal,6
Jungi,6
unangenehm,6
gschah,6
Nähe,6
schlag,6
räecht,6
klatschen,6
unruhig,6
laar,6
lüter,6
empfehle,6
fette,6
wichtige,6
Wärme,6
Teufel,6
Resültat,6
Heiterkeit,6
Gegenteil,6
Abstammung,6
eventuell,6
vertritt,6
Richter,6
rischt,6
Herrschaften,6
teile,6
verreise,6
grossartige,6
genäu,6
verächtlich,6
furchtbar,6
erleichtert,6
kapütt,6
degeje,6
Plaisier,6
sicherer,6
klare,6
bedite,6
Schandarme,6
Verachtung,6
trotzig,6
Orchester,6
schrecklig,6
Pfünd,6
Flüech,6
bereit,6
Friendschaft,6
Lanz,6
Klown,6
Minischterium,6
Tropfen,6
v‘rdaachti,6
schienheilig,6
süecha,6
morda,6
Harza,6
lasse,5
Bäum,5
spinne,5
Blüemle,5
brechen,5
Sieg,5
Lange,5
haiße,5
Freunde,5
Verlegenheit,5
Flucht,5
lieben,5
Netz,5
erbarm,5
verstellt,5
rächter,5
Allein,5
Spiele,5
Graddel,5
Rache,5
morjes,5
guedi,5
Schwarm,5
wacht,5
Windle,5
Lob,5
ballt,5
Kett,5
Schmier,5
Ausgang,5
Wut,5
Vergesse,5
Engele,5
Geben,5
Vorstand,5
Ratte,5
grösser,5
schönere,5
bloose,5
Barmherzigkeit,5
heisser,5
falsche,5
gifti,5
Löwe,5
Mores,5
famille,5
gsünd,5
vergnügt,5
süür,5
warn,5
wüensche,5
Gruppe,5
wunderfitzi,5
Gsichter,5
blamiert,5
händle,5
dapfer,5
Fange,5
Hewamm,5
rüiniert,5
Elender,5
Bündel,5
trett,5
verlonn,5
saftig,5
elegant,5
Medaille,5
Lüüser,5
Andenke,5
losgehn,5
Verläjeheit,5
Comité,5
trej,5
gfährlich,5
schmerzhaft,5
stäriker,5
Gruess,5
herzig,5
meschugge,5
Muehj,5
Wittfrau,5
gezwunge,5
Biefall,5
Gueti,5
verschwind,5
Muet,5
füll,5
klopfe,5
leiden,5
verrückt,5
Bries,5
einfacher,5
Farce,5
Güeter,5
geschlagen,5
Mäidel,5
bienander,5
Zäiche,5
läb,5
glüeckli,5
gfasst,5
Docter,5
grüesse,5
folgsam,5
Mäidle,5
verzwifelt,5
Exame,5
g'fange,5
parole,5
Reihe,5
Gejemittel,5
verfehle,5
ruewi,5
Krankheite,5
richt,5
uffnemme,5
Zuefall,5
läuten,5
stupfe,5
rüscht,5
fericht,5
lid,5
Energie,5
trete,5
schweri,5
großarti,5
auffallend,5
Christus,5
Vorsicht,5
Geschäft,5
Versammlung,5
Vereine,5
bettle,5
gstört,5
untreij,5
üsmache,5
Züefall,5
Ellein,5
lächerlich,5
Uehr,5
brrr,5
frischer,5
perfekt,5
Spaziergang,5
bewundere,5
Glueck,5
schmiere,5
gewalti,5
stürze,5
Bändel,5
üswiche,5
schliesslich,5
viellycht,5
hälfe,5
hänge,5
Root,5
Abstand,5
iwerfalle,5
g'fasst,5
Hochzittsreis,5
barsch,5
heimlig,5
Ehe,5
gspannt,5
schlagen,5
Aanfach,5
Hochzytt,5
Jaaa,5
Gemäin,5
äinfach,5
Sätz,5
Drack,5
gemaacht,5
besorgt,5
scheinen,5
roi,5
profitiere,5
scheni,5
Rand,5
Fameli,5
wichtigen,5
höchster,5
herrliche,5
Schlimmer,5
nejgierig,5
Schlappe,5
verraten,5
Erstaunen,5
versichert,5
Üssichte,5
angenehmi,5
Familje,5
Prost,5
Resultat,5
begleit,5
schoene,5
erfahr,5
liefere,5
Fleck,5
Leeb,5
stehle,5
Dunnerwetter,5
Sünder,5
erschöpft,5
schnide,5
hass,5
begriesst,5
versteckte,5
sorge,5
erfillt,5
theile,5
Iwilligung,5
rechne,5
Pfiffe,5
g'spannt,5
Afang,5
ferchte,5
Wunde,5
töte,5
Bekannte,5
bedient,5
glickliger,5
bösi,5
camarade,5
lisli,5
rachte,5
G’sündhäit,5
einfache,5
Schnall,5
bedracht,5
drürich,5
hoor,5
güeti,5
Notar,5
Zahlemeischter,5
Schtund,5
Zahlmeister,5
gscheit,5
Unsinn,5
Rächter,5
süache,5
Gschaft,5
gloiwa,5
Gfangener,5
lehra,5
Urkunde,5
Dolla,5
Morga,5
treie,5
Hiz,4
Schnelligkeit,4
wahrlich,4
buschberli,4
Schläj,4
Spaß,4
Verzweiflung,4
schnelle,4
Nichts,4
unschuldi,4
Thränen,4
Trost,4
schieße,4
Baum,4
strof,4
schadt,4
drücken,4
leeren,4
Fantasie,4
ziele,4
Hölle,4
vornehm,4
glänze,4
Gewicht,4
gebrochen,4
bescheiden,4
Güte,4
Abschrift,4
werli,4
Ynverstande,4
reskiere,4
Hexe,4
gfange,4
gelungen,4
gerisse,4
fromm,4
Hast,4
Schein,4
Harmonie,4
Hanswurscht,4
adie,4
Daifel,4
traurig,4
diefer,4
elendi,4
firschi,4
trostlos,4
unsicher,4
Flamm,4
stüne,4
Mediziner,4
Küssen,4
schreckli,4
Hüüs,4
beginnen,4
vertrette,4
Feuer,4
arbeiten,4
klopf,4
bluetig,4
Liebschter,4
empfindlich,4
Betracht,4
unschuldige,4
starki,4
Ruck,4
charmante,4
hitzig,4
kreje,4
regiere,4
verbotte,4
Gscheidheit,4
Warnung,4
Begehre,4
Sklave,4
warmer,4
füehr,4
prächtige,4
Verschwunde,4
Sueche,4
edel,4
gerecht,4
verkleid,4
wunderbari,4
Gerechtigkeit,4
lache-ne,4
Gschpass,4
Schwarz,4
prima,4
ausgeschlossen,4
jommere,4
Söjerej,4
Tugend,4
Hurrah,4
schlucke,4
Erfolg,4
spücke,4
verroote,4
erschrecken,4
Bris,4
Schwäche,4
wunderbar,4
Spannung,4
Dot,4
Massel,4
Mansche,4
bläich,4
natti,4
weiche,4
Schlachte,4
Spital,4
abnemme,4
Wüschte,4
miserawel,4
soldat,4
mitmache,4
verfahre,4
Schrecklich,4
Unterhaltung,4
ergreifend,4
gemietlich,4
verdien,4
fröhlich,4
definitiv,4
rechti,4
zuefällig,4
vollen,4
Rechte,4
unheimlich,4
lichter,4
Vorüs,4
Reschpekt,4
gejesittig,4
butze,4
wüscht,4
brüel,4
überzeugt,4
charmanter,4
Schlechtigkeit,4
versteinert,4
Vorschuß,4
Heil,4
Sünden,4
unde,4
größer,4
anfang,4
heiligi,4
beständig,4
aufmerksam,4
Wichtigkeit,4
furtgeh,4
Hirot,4
G’schäft,4
mitenander,4
Schande,4
verlorene,4
Einsamkeit,4
schlaawe,4
Hochzitterei,4
wohri,4
fuerichter,4
warne,4
G'schöpf,4
ang’fange,4
schlöj,4
Bewyes,4
Bock,4
g'fährlich,4
politisch,4
Gejewart,4
Umhängle,4
politische,4
Moor,4
heile,4
Jager,4
träume,4
Lieblich,4
anderes,4
pleite,4
Boxe,4
Allewil,4
Kredit,4
Gegeteil,4
Maidl,4
kräftigen,4
Loon,4
atemlos,4
schnellen,4
schadenfroh,4
Fahler,4
Fröij,4
unterhalten,4
annehmen,4
Jubiläum,4
güt,4
Ofe,4
Morjen,4
Wahrheit,4
Richti,4
glücklicher,4
Mänsch,4
tanz,4
Besitzer,4
Schwarze,4
Abhandlung,4
Vergnüeje,4
Klopfen,4
campagne,4
Polizisten,4
unfehlbar,4
zufrieden,4
wisseschaftlich,4
Sängere,4
älterer,4
entmutigt,4
Regierung,4
zusammenhalten,4
Lande,4
läben,4
Eifer,4
Baüm,4
Berechnung,4
koch,4
Ifer,4
Lebhafter,4
vernichtet,4
Feind,4
Rezepter,4
Uessichte,4
Waffe,4
Maul,4
Fueder,4
unverschämte,4
grössere,4
Kabine,4
forder,4
verschwinden,4
Schwierigkeite,4
Seelen,4
Inverstande,4
Dümme,4
Unterschlupf,4
bedür,4
Respect,4
lichtsinnige,4
Süeche,4
rar,4
Laterne,4
elender,4
Gschrei,4
Freit,4
iwerrascht,4
Namestag,4
stolzer,4
ifrig,4
verstohle,4
veracht,4
süre,4
Schiesse,4
Gaischt,4
Verwandlung,4
masse,4
Länder,4
Käib,4
Geburtsdäuj,4
arnscht,4
füedere,4
ufgerejt,4
Prozass,4
liesli,4
Advokat,4
Fortschritt,4
matter,4
Gsundhäit,4
Steine,4
vellicht,4
Achting,4
Schuele,4
rüehwich,4
Komme,4
gschahne,4
lab,4
Bedracht,4
Unracht,4
Hisel,4
roote,4
wünschen,4
Masken,4
Schlich,4
v'rlore,4
decke,4
Bum-Bum,4
romantisch,4
Forderung,4
Fachmann,4
Mam,4
dringende,4
Würm,4
Dejhanker,4
Schlicher,4
Doddel,4
Ziginer,4
Henker,4
Diskretion,4
iefrig,4
Aposchtel,4
folgendi,4
arma,4
güeta,4
erfahra,4
falla,4
halta,4
schwarer,4
Gloiwa,4
Entlassung,4
Zeignis,4
empfanga,4
ahna,4
gfaßt,3
düster,3
Offezier,3
schnurre,3
Liebster,3
bstimmt,3
Wörter,3
Schönen,3
Schöne,3
Leidenschaft,3
liebst,3
gebe,3
Hindernisse,3
ändern,3
hasse,3
Bibbele,3
Endli,3
schloi,3
vertraaue,3
zehl,3
Fähler,3
Thräne,3
geliebt,3
Preis,3
sonderbar,3
Vertrauen,3
Bräutigam,3
maine,3
Werzi,3
Spieler,3
Spinn,3
hoffen,3
Grawe,3
Laune,3
Schmerzen,3
Gelegenheit,3
Kranken,3
Seufzer,3
mild,3
wunderli,3
genieße,3
harter,3
begehre,3
Zärtlichkeit,3
Helfer,3
ewi,3
kräfti,3
Brüderschaft,3
wilden,3
Sehnsucht,3
Duft,3
Blut,3
reizend,3
Krieger,3
folgend,3
brüehle,3
faal,3
helli,3
dresche,3
Wese,3
bedidde,3
Käffi,3
b'haupt,3
Helf,3
Kette,3
Hoffnunge,3
gsundi,3
wunderfitzigi,3
hirute,3
verschreck,3
Deihenker,3
verstohlen,3
seriös,3
Schlaaue,3
diefe,3
unglücklicher,3
Verehrung,3
völlig,3
gsunder,3
Blumen,3
Gejeteil,3
waich,3
haisse,3
maschuke,3
Ohnmachte,3
Jesus,3
drohender,3
abreise,3
üssgange,3
Gute,3
Söüi,3
Dänzere,3
Mieädder,3
saftigi,3
Maidele,3
Rieme,3
Wurm,3
Landwirtschaft,3
Grossartig,3
verschtande,3
lächle,3
Gewunne,3
stürzen,3
tröscht,3
Kloschter,3
Medaill,3
Vergnieje,3
wahrhaftig,3
versuech,3
freche,3
schwache,3
niese,3
Löje,3
Ynladung,3
ynverstande,3
geniesse,3
Witmann,3
vertriewe,3
Traim,3
Gsetz,3
gröjsam,3
duld,3
hocher,3
gfüellt,3
Blodere,3
wilde,3
lawendig,3
verteidige,3
berej,3
gelobt,3
lichtsinni,3
allwill,3
böeser,3
verstehe,3
echte,3
reisen,3
armen,3
versichern,3
Mummes,3
zehle,3
schwär,3
Versicherung,3
bereiten,3
schiess,3
Schärwe,3
Sitzunge,3
erreiche,3
verzüernt,3
Wackes,3
Plötzlich,3
keje,3
Nähde,3
dittli,3
Versteck,3
lätzer,3
alläin,3
vermisst,3
uffgänn,3
Unterstützung,3
Stäin,3
Habsucht,3
einsam,3
g'fährli,3
Tram,3
Seje,3
Wittfräu,3
Wüste,3
Horizont,3
schwarzen,3
folgende,3
trürich,3
jammern,3
Vorschrift,3
betrachten,3
ablenkend,3
gfitzti,3
Nid,3
kreije,3
wunderlich,3
ordinär,3
abwarte,3
gelinge,3
Schweiß,3
Uffklärung,3
Flecke,3
amusement,3
Amesiere,3
bhaupte,3
leischt,3
verlassen,3
Lösung,3
leidenschaftlich,3
müd,3
rüewi,3
Luschti,3
gequält,3
zittern,3
Unordnung,3
Einzelne,3
Gemein,3
Schelte,3
Erregung,3
uffmerksam,3
Sunneschin,3
himmlischen,3
verlieren,3
Drohend,3
höcher,3
garandier,3
sorgen,3
glücklichi,3
sündhaft,3
stärke,3
umkumme,3
zugeben,3
standhaft,3
heiligen,3
verzeihen,3
Aufschrei,3
starb,3
vergiftet,3
jäscht,3
größerer,3
üsschnüüfe,3
frindli,3
Granate,3
maschukke,3
Schlenzer,3
Simbel,3
bloos,3
schrecklichi,3
prächtig,3
Blüeme,3
zefriede,3
Wiebsbild,3
sür,3
unverschämt,3
verbinde,3
salon,3
Verruckte,3
verzwyefelt,3
Frejheite,3
boshaft,3
stolze,3
G'schäfter,3
Wietig,3
härzig,3
Beziehung,3
winsch,3
glauw,3
rächte,3
iwerleijt,3
schnappe,3
trüriger,3
gälte,3
Kalte,3
Jäger,3
nätter,3
bissig,3
Vorwurf,3
reis,3
kichernd,3
schnaller,3
Höhepunkt,3
Drohung,3
Verwandtschaft,3
Bewis,3
Enttäuschung,3
ruehji,3
speziell,3
glaawi,3
aanfach,3
jubelnd,3
galte,3
Dunkle,3
spitz,3
schäumend,3
iewel,3
Spritz,3
Rachnung,3
Kommen,3
Üszeichnung,3
firig,3
Gschmack,3
üssicht,3
Aufgabe,3
G'setzer,3
binand,3
Regeerung,3
treuer,3
lebhafte,3
stiller,3
Gefühle,3
empfangen,3
velicht,3
hauptsächlich,3
üsfalle,3
Tänzer,3
iwerfahre,3
Gueter,3
genäuj,3
Tiere,3
engagirt,3
verdammte,3
packend,3
Schmitz,3
Sonderbare,3
käuft,3
Kreuz,3
höchsti,3
nüsschmisse,3
Masse,3
Bändele,3
Verzeihen,3
wiest,3
Büeckele,3
begrüsst,3
Schwefel,3
erinkumme,3
Üsflug,3
buffet,3
freudige,3
gemessen,3
schrei,3
undenkbar,3
lügen,3
echt,3
Thier,3
Geheimnis,3
verzicht,3
Schöni,3
Erlaubnis,3
gratuliert,3
Verlore,3
Spielen,3
Krüppel,3
melancholisch,3
schlau,3
Freuden,3
heiraten,3
wärmt,3
schoener,3
Fridda,3
ernschti,3
Beleidigunge,3
ergreifen,3
Verlobt,3
Schoeni,3
Drucke,3
G’sichter,3
Prophet,3
Halleluja,3
Wach,3
verruckte,3
Andacht,3
hintergeh,3
verkleide,3
Verfiehrer,3
morge,3
dümmer,3
bewache,3
elegante,3
Kindheit,3
tapferer,3
Sifzer,3
fehl,3
itrage,3
Spuck,3
halt',3
untergeh,3
verfolgt,3
Teig,3
siess,3
Rechne,3
glichgiltig,3
versetzt,3
Krieg,3
siesse,3
güter,3
Schüel,3
Stei,3
Wache,3
Flinte,3
stariker,3
Beleichtung,3
griff,3
Gfängniswärter,3
Höell,3
Ringkampf,3
Läiter,3
stahle,3
Krall,3
schläue,3
Knäckes,3
gschahn,3
häise,3
köstlich,3
geladen,3
elläin,3
elander,3
Wohrhäit,3
gegläubt,3
schlachter,3
haller,3
g’sund,3
neti,3
elande,3
Metzjeri,3
Böje,3
Rahme,3
Mischthüffe,3
Schiltze,3
platze,3
Trän,3
Spare,3
Schrej,3
Glöüwe,3
Erklärung,3
ungluecklich,3
küsse,3
Heiligi,3
Aufenthalt,3
Uffnahm,3
empfang,3
G’schmack,3
schlawe,3
sige,3
Schlaganfall,3
Romantik,3
ro,3
hylle,3
Pischtole,3
Merder,3
grobb,3
Arweite,3
männlich,3
g’schähn,3
Bürgschaft,3
füli,3
laacht,3
Kunkürrante,3
Erfolge,3
gscheiter,3
schener,3
Soi,3
Schual,3
mittel,3
fiahre,3
verteidigt,3
harzig,3
firige,3
Liager,3
läsche,3
schene,3
Andlig,3
Attentat,3
Trumpet,3
Skandalös,3
Gwissa,3
Feigling,3
gliebt,3
verloh,3
leischta,3
Reda,3
verschwunda,3
Sorga,3
Bsüech,3
versprocha,3
Racha,3
gstohla,3
heissa,3
fassa,3
Kreuzzug,3
bedit,3
verrota,3
Krizzug,3
Gfangana,3
lacha,3
erfülla,3
warta,3
Fiehrer,3
spiela,3
Eila,3
ewiga,3
Soldata,3
decka,3
ärmeri,3
Tochder,3
Schuldig,3
Kündigung,3
Blüt,3
Untersüchunge,3
schyne,2
schien,2
ächt,2
gueder,2
Furtgehn,2
Händle,2
gschlaacht,2
Bloschbalg,2
Durst,2
gescheid,2
Schik,2
Götter,2
schlimmen,2
abscheili,2
Doktere,2
rauben,2
versprochen,2
Hochzeit,2
Eifersucht,2
Leichtsinn,2
Widerstand,2
Bohne,2
spinn,2
gelde,2
Sparre,2
Kanzel,2
widderli,2
begryffe,2
Scheene,2
Dachs,2
bedytt,2
räche,2
Jä,2
Schwer,2
Lüge,2
müden,2
bösen,2
Aengele,2
händel,2
offeherzi,2
Willkumm,2
wärme,2
Geheimnisse,2
lobt,2
Triumph,2
stoße,2
matt,2
Gefühl,2
Trieb,2
schätzt,2
Verlust,2
leiten,2
Adel,2
gsünder,2
Glock,2
gewähre,2
zwing,2
versprach,2
zerstört,2
erwarten,2
Bendel,2
wärli,2
verlor,2
Streben,2
Wünsche,2
Gefühlen,2
Grabe,2
Empfindung,2
Blicken,2
Gegen,2
Priester,2
Lebn,2
Maid,2
riawi,2
Härre,2
Blos,2
lockend,2
batsche,2
Schnok,2
schönerer,2
lieslich,2
verrot,2
orchestre,2
üewerglücklich,2
verruckti,2
üewerlajt,2
müderi,2
unglückliche,2
Schlecht,2
geglaabt,2
scharmanter,2
bsunderi,2
Mieadder,2
herablassend,2
gsunde,2
frummi,2
Baase,2
anfach,2
riewe,2
scharfi,2
Steche,2
Beendigung,2
Wunderfitzi,2
stürz,2
Dickkopf,2
steche,2
schinde,2
bedüür,2
Schnoke,2
Jügend,2
verwöhne,2
Rädel,2
Maide,2
Unköschte,2
Hell,2
einzelne,2
Gurt,2
laute,2
untergange,2
ächter,2
verzeihj,2
Rahmen,2
getragen,2
gemüetlich,2
Schwung,2
lächerlichs,2
glab,2
Dirmel,2
Nachdenklich,2
blöuj,2
butz,2
Betrachte,2
Grupp,2
Ohrfeige,2
Bedüür,2
Erdbewe,2
glüecklichi,2
Anerkennung,2
Fischgerte,2
bsunder,2
Schmüetz,2
Bubbel,2
Dummkopf,2
stech,2
grässlich,2
Regiere,2
Verdruss,2
Kritz,2
rejiere,2
glüecklicher,2
He-herr,2
mächtige,2
Rätsle,2
fett,2
süess,2
Uneinigkeit,2
stüerme,2
bequemer,2
gemüetlichi,2
stünne,2
Toder,2
Tyrann,2
bewacht,2
Diamante,2
strich,2
Vertröje,2
prachtvoll,2
Krisch,2
Verliere,2
g’heim,2
noochdenklich,2
Ehrlichkeit,2
ehrlichi,2
brote,2
spitze,2
mächtiger,2
b’haupt,2
verschwundene,2
Wund,2
Heldetat,2
wildi,2
yngschberrt,2
Mönch,2
Drach,2
herzlos,2
verdraa,2
nätt,2
gewinn,2
eländi,2
drula,2
Gesichte,2
blass,2
unwohl,2
infalle,2
Störung,2
Fläcke,2
rinn,2
Sippschaft,2
Riemen,2
komischen,2
Gesten,2
trätte,2
Schücker,2
macke,2
beisammen,2
staunen,2
erlöest,2
maschücke,2
Känschterle,2
gfährli,2
Verschrocke,2
Gspänscht,2
Liebschte,2
kläiner,2
Äscht,2
Mäidele,2
Dummhäit,2
nätti,2
verbrännt,2
verfalle,2
unschuldichi,2
Schmarze,2
schmutz,2
eland,2
gschejt,2
Plöj,2
abrisse,2
roten,2
wärm,2
Abneigung,2
Linderung,2
verfluchte,2
Infäll,2
abzieh,2
gewahr,2
Sahara,2
Vergiftungen,2
schweren,2
ungerechter,2
g'fitzt,2
verzürnt,2
wuescht,2
Flöh,2
unglücklichi,2
angst,2
einfachi,2
Iwwel,2
Hoff,2
rüwi,2
bekannti,2
Erscheinung,2
weichs,2
mued,2
feschter,2
reis',2
Entsetzlich,2
gröuisam,2
schändlicher,2
Vorstellung,2
garandir,2
Metz,2
langwilig,2
seeli,2
Nähte,2
Griffe,2
begleiten,2
reschpektiert,2
amesier,2
Ekel,2
gewinnen,2
stoßen,2
angscht,2
füerichti,2
Vorschrifte,2
Sänger,2
gfetzt,2
schrecklichs,2
heller,2
Folgen,2
Dischpetat,2
Dämmerung,2
spann,2
verzwyfelt,2
fierige,2
hilflos,2
gemeini,2
Vergeltung,2
währli,2
Elendi,2
Lascht,2
Husten,2
Schandfleck,2
Besüech,2
Abreise,2
leisten,2
Verständnis,2
Noochfröuj,2
kostbaren,2
Elleböuje,2
Bettle,2
sterben,2
Reue,2
erfahren,2
bekommen,2
Dunkelheit,2
frommen,2
verbergen,2
Trennung,2
strenge,2
Schlage,2
Erleuchtung,2
reichlich,2
würdig,2
schaden,2
fürchte,2
geschickt,2
erwachend,2
würdige,2
Kranker,2
schändli,2
gemeinsamen,2
Ärgerlich,2
liffere,2
prepariere,2
canon,2
Uffreijung,2
gfährlicher,2
b’sundersch,2
Famillje,2
versüeche,2
versüech,2
schändlich,2
majestätisch,2
nehder,2
wuetig,2
g’sundi,2
geischtige,2
Illusione,2
Sunneuffgang,2
G’schöpf,2
suess,2
bitterer,2
sümme,2
Hoffe,2
farce,2
Shade,2
fawelhaft,2
Begrüßung,2
großartigi,2
Vergnüje,2
Shmutz,2
G'schäfte,2
drecket,2
anfasse,2
briehle,2
Glüwes,2
Heilich,2
Bibbel,2
frechi,2
greeschte,2
Viellycht,2
energischer,2
politischer,2
stärb,2
lawendige,2
verdächtig,2
glänzend,2
Schnappne,2
abgeloffe,2
fähle,2
Stroof,2
Staatsanwalt,2
Andli,2
Schirme,2
häisse,2
ächti,2
nervöse,2
Söj,2
Tumult,2
abkumme,2
Teuifel,2
gmietlig,2
dringender,2
schliesslig,2
hile,2
miserabel,2
ditlig,2
bsorgt,2
Professeur,2
Tire,2
Unmensch,2
harzlig,2
schware,2
schwimm,2
glickliche,2
Erhöhung,2
schmollend,2
Maanung,2
schläecht,2
Mientwäeje,2
günschtig,2
kräftige,2
glickli,2
ausgelassener,2
Saldote,2
jovial,2
Plasier,2
miene,2
Woorte,2
läischte,2
beläidig,2
öönders,2
v'rruckt,2
brennenden,2
laache,2
Jü-ügend,2
betraachte,2
schlaacht,2
gewissehaft,2
V'rsammlung,2
verwehre,2
bekannten,2
Zufall,2
echten,2
verschaffen,2
Frida,2
Kischte,2
Professoren,2
Hochzitte,2
kummen,2
süche,2
stört,2
Professore,2
beditt,2
richtigen,2
Schule,2
erhaben,2
morjen,2
speele,2
Mänung,2
Lün,2
unberührt,2
Ankunft,2
Zärtlich,2
Erwartung,2
arbeite,2
besondere,2
kritisch,2
Lügen,2
Fälle,2
Zufriedenheit,2
süferi,2
Söüj,2
Engagiert,2
Flecken,2
Mäul,2
gefährlich,2
schimpfend,2
Tanze,2
Träum,2
klopfen,2
wüetigi,2
unterdrücken,2
groteske,2
G'schpass,2
nejgeerig,2
Lachend,2
voraus,2
angenehmer,2
geträuje,2
Gleis,2
Spalte,2
verfolgen,2
beruhigen,2
beeser,2
Untersuechunge,2
leichte,2
ernschte,2
zerstöre,2
Armee,2
Kinderjohr,2
intimer,2
wissenschaftliche,2
Messe,2
offiziell,2
comité,2
Lüs,2
Gejner,2
erfreulicher,2
Beziehungen,2
Empfehle,2
noochgedenkt,2
Ungnad,2
berüehmt,2
Freut,2
müde,2
Anstrengung,2
Herzliche,2
gefällig,2
stamme,2
Wasserkopf,2
strahlend,2
messen,2
Schmutze,2
schwindlich,2
Söuj,2
gelten,2
Ärger,2
peinlich,2
beweisen,2
brillant,2
feiern,2
beruehig,2
Eventuell,2
Attacke,2
erneute,2
Stumpf,2
Stiel,2
Musike,2
Trumpete,2
verbindlich,2
erneuter,2
Erklärunge,2
Trümmer,2
Rezepte,2
gejäscht,2
furtfahre,2
verdächti,2
verdammt,2
g’fährlich,2
accident,2
verbrüchte,2
nützlich,2
Begleitung,2
fülle,2
gewähren,2
Teilnahme,2
Verdammti,2
Blutegel,2
schlechti,2
safti,2
verrät,2
schimpfen,2
unterhalt,2
verzehje,2
Inladung,2
Handbewegung,2
Aufmerksamkeit,2
unterdrucke,2
erneut,2
maschucke,2
dringendi,2
g’fasst,2
Verdammter,2
Schöeni,2
empfehlen,2
Exzellenz,2
üsbreche,2
tadelloser,2
suche,2
Verruckti,2
riesig,2
Krüeppel,2
Klopfer,2
üsg’schlosse,2
patronne,2
Epidemie,2
Ferie,2
jomere,2
ärger,2
Süech,2
geistige,2
bisteh,2
falscher,2
Quale,2
Schlange,2
verhiete,2
g'schickte,2
vergrawe,2
miede,2
volle,2
Sturmwind,2
höchst,2
luschtiger,2
Fattig,2
Bosheite,2
Gwisse,2
Wilder,2
wieschter,2
Son,2
lichtsinniger,2
Strolch,2
Liebling,2
gottlose,2
Bengel,2
wunderbarer,2
Hochzite,2
härter,2
ahalte,2
Floh,2
letzer,2
Patrone,2
geb,2
Folg,2
Herzklopfe,2
unheimlichi,2
Kleini,2
schwachi,2
klebbere,2
Unheimlich,2
Staan,2
Mask,2
Mühl,2
Waiselkinder,2
Schlucker,2
Dummköpf,2
Zauberer,2
schwunde,2
Gfängnis,2
verzaubert,2
Lünne,2
Zauber,2
ambediert,2
flueche,2
Wildi,2
stüerze,2
Diebstahl,2
schiese,2
verstöert,2
vergalte,2
schniede,2
Ehren,2
Gsündheit,2
Feindschaft,2
tratte,2
tröje,2
Ufrejung,2
günschti,2
zahlen,2
aufbrechen,2
Gläuwe,2
kämpfen,2
Glücklich,2
Ampfang,2
Bekannt,2
g’fährli,2
änfach,2
gratis,2
Amüsement,2
g’fitzt,2
G’falle,2
niederdrücken,2
Andres,2
Wohltäter,2
Gesundeheiten,2
Bekannti,2
Hofe,2
Hülfe,2
ing’sperrt,2
Geheime,2
unternumme,2
gröeschter,2
G’sund,2
adjeh,2
fatt,2
Hard,2
Raöhm,2
richti,2
Chrischtüs,2
gemocht,2
güede,2
gradi,2
Häfe,2
uffgahn,2
quäl,2
diefi,2
Baim,2
güedi,2
Nochfröj,2
gemoocht,2
Begrüessung,2
stolzi,2
endlos,2
leeri,2
luschtigi,2
milde,2
Dropfe,2
brech,2
Abgrüend,2
Stamm,2
annamme,2
Gschafte,2
kichern,2
Ganzi,2
glöüwe,2
glücklichen,2
Verstorbene,2
v'rlange,2
schulden,2
ausgezeichnete,2
Wittfröüj,2
unterrichtet,2
netteri,2
Urteil,2
Empörend,2
buckel,2
mißtrauisch,2
Küsse,2
hang,2
flüeche,2
führ,2
ältere,2
hoffnungslos,2
Döchter,2
v'rbotte,2
Heilig,2
deck,2
G'schpaß,2
Lieferunge,2
v'rderwe,2
Fällen,2
yng'schperrt,2
Verhaftung,2
echti,2
Ueberraschung,2
lieffere,2
schpiele,2
heilich,2
Schlitte,2
wuhr,2
Anfall,2
gloowe,2
boes,2
Maid'l,2
allan,2
geruescht,2
Verlegen,2
größeri,2
b’handle,2
Kompresse,2
Umschläj,2
ruehjich,2
Mænner,2
schwær,2
læwe,2
Witfrau,2
akzeptiere,2
Nadür,2
stærb,2
Undankbarer,2
Angschthas,2
Edelmann,2
Crédit,2
Gewinne,2
Notfall,2
greesseri,2
Winsch,2
Barbar,2
Sklav,2
Zärtlichkeite,2
Lotterie,2
Unternemme,2
Butze,2
schynne,2
Unheil,2
Knall,2
Glückwunsch,2
schreck,2
Schulden,2
Bettel,2
unruehig,2
langweilig,2
unternehmen,2
bräver,2
Schuß,2
schieß,2
Berühige,2
politischi,2
erhewe,2
kleineren,2
Hange,2
Phänomenale,2
gröeßerer,2
abwesend,2
Prozaß,2
häiße,2
bhäupt,2
Brüell,2
üsgsuecht,2
Schlinge,2
vornahme,2
Widderstöönd,2
spaare,2
Owrikäit,2
brüell,2
rachne,2
üsgsüacht,2
Täifel,2
schlacke,2
grischte,2
gscheite,2
Tiar,2
bliabt,2
Rüah,2
natte,2
gschlage,2
süferer,2
trate,2
güate,2
Güat,2
Güate,2
Liab,2
harzigi,2
stillen,2
rachter,2
schiasse,2
Schenheit,2
Wüat,2
dulde,2
verdiane,2
sunderbari,2
misstrauisch,2
glieklig,2
Sun,2
Jungfer,2
Chrischte,2
uffgeweckt,2
uffrecht,2
verhuttelt,2
G’heimnis,2
grossartigi,2
glänzendi,2
Mehrheit,2
G’setz,2
üsgezeichniti,2
Uewerraschunge,2
füericht,2
Famelie,2
Schöenheit,2
Widmung,2
stuerze,2
fienschte,2
Annäherung,2
gruende,2
wuensche,2
tröuje,2
Ruecke,2
allerletscht,2
Gürtel,2
Buffet,2
stüermisch,2
Gegner,2
Zwiefellos,2
Versammlunge,2
skandalös,2
Unterbricht,2
Zuflucht,2
Angriff,2
verflüechte,2
Velicht,2
spar,2
Begeischtert,2
verehra,2
Frend,2
meina,2
kleina,2
ifalla,2
Gschlacht,2
unerreichbar,2
herrlicha,2
geniessa,2
verschwinda,2
Schulda,2
schwand,2
elandig,2
Vorfahra,2
Familia,2
Wacha,2
Scharz,2
Gegateil,2
finschtra,2
Verdarwa,2
Leidaschaft,2
gwarnt,2
verantwortlich,2
furchtbara,2
Vergaltung,2
verborga,2
volla,2
Vertroia,2
verzeiha,2
Lacha,2
Gfahr,2
Gfanga,2
Krankheita,2
Gfangaschaft,2
nutzlos,2
Leicha,2
Glickwunsch,2
Kocha,2
bedürt,2
verspracha,2
heiliga,2
Liega,2
schitza,2
andlig,2
freia,2
Gwalt,2
Elander,2
feschta,2
verwundet,2
Greifen,2
gstorwa,2
entlassa,2
blüetig,2
bekumma,2
Befreiung,2
Renegat,2
freii,2
betroga,2
zefriedde,2
üewerfahre,2
sorig,2
annämme,2
nät,2
iinverstande,2
Führer,2
Vorwürf,2
zeruckgänn,2
Gelobt,2
ällein,2
weichen,2
rischta,2
Kumma,2
morna,2
Narwa,2
Fratz,2
frache,2
astandig,2
bekum,2
morga,2
Schnurr,1
Freud,1
närrisch,1
g’ehrt,1
knalle,1
nachlässig,1
begründen,1
rode,1
Heller,1
kindisch,1
Lehre,1
Vorus,1
Gebatt,1
Treu,1
selten,1
kräje,1
schlimme,1
Geschmack,1
wunderschön,1
Duele,1
Kännle,1
Stang,1
bleed,1
Morgen,1
vorbereiten,1
Winde,1
Schnooke,1
Bäume,1
Nieder,1
Väter,1
Blume,1
Scheeni,1
reichend,1
Ziele,1
brüllen,1
müderie,1
wunderfitzige,1
Babbelwasser,1
Sommer,1
Eleganz,1
definitive,1
zuckersüesse,1
Schokela,1
Schiücker,1
Bluemle,1
vorwitzi,1
Schwimm,1
Baradies,1
verliebti,1
respektawler,1
Gewis,1
prophezeihje,1
krisch,1
Schwindlere,1
kopflos,1
consültiere,1
uffricht,1
lüschter,1
Klumbbe,1
ordinari,1
Verliebti,1
delirium,1
Streiten,1
drohenden,1
Schlöüi,1
Stachle,1
anhängen,1
gschlacht,1
frommi,1
schlaff,1
Bendele,1
aufdecken,1
langwielig,1
Gsetzer,1
steigen,1
friendliche,1
anverdröüje,1
gritzle,1
gefasst,1
Dapfer,1
Nochbor,1
pracht,1
nidder,1
Verbrennt,1
geglöbt,1
Hebamme,1
kummi,1
Krüpel,1
trüürige,1
Hexemeister,1
Grossvadder,1
gscheut,1
Allmächtjer,1
riewi,1
Nochbre,1
fridde,1
Zammehalte,1
rüinierter,1
gellt,1
Flammen,1
Unglücklichi,1
gewaltiger,1
Traam,1
Streng,1
herzigi,1
Glücklichi,1
abgezehrt,1
Ahnunge,1
'Gewisse,1
Erregt,1
Misserawler,1
schlich,1
lütte,1
gschbanne,1
burzle,1
Klumpe,1
räs,1
bluetige,1
feschti,1
vorwitzig,1
Friddi,1
Mieäder,1
Saftigi,1
Guter,1
Lifferung,1
liever,1
Tröschter,1
vornehme,1
verkrüppelti,1
Favorit,1
geläjetlich,1
Grossartigi,1
friendlicher,1
Strahle,1
Schrecken,1
Tröscht,1
Paradiesaue,1
Weschbel,1
buschberlig,1
maschugge,1
Verschmutze,1
drücke,1
herzliche,1
Glüeckwüensch,1
Dischbetat,1
laischte,1
Wettkämpf,1
melancholische,1
rüeschte,1
wüetige,1
Gschenker,1
löesche,1
Ernt,1
Ungeziffer,1
Zittvertrieb,1
schleck,1
Schnied,1
Hart,1
füelle,1
Ynverschtande,1
Engle,1
letzi,1
Schatzmaischter,1
verzeihje,1
gstohlene,1
Bluehscht,1
unterworfe,1
mächtigi,1
ewecknäme,1
Grösser,1
Schlecke,1
Dööchter,1
koschtbare,1
demüetig,1
schüetze,1
dunkler,1
bluete,1
gschtroft,1
Stünne,1
Küemmer,1
jomer,1
Verantwortung,1
Uewerfluss,1
verkleider,1
schnelli,1
Verschwind,1
Botschafte,1
Hexerei,1
schinheilig,1
Missetäter,1
Noochfröüj,1
Vorwüerf,1
kämpf,1
gschtört,1
giftiger,1
Wildnis,1
strittig,1
verwund,1
gemachti,1
trüüre,1
Zwaikampf,1
Turm,1
üewerfalle,1
unwohr,1
Glorieschyn,1
füle,1
zeruckhalte,1
Schnellzug,1
abfahrt,1
Schnellzugg,1
dräcket,1
mit-nander,1
verbisse,1
furicht,1
mörderisch,1
scheenen,1
träumen,1
besuchen,1
Schnoock,1
Schnake,1
wunderfitzich,1
hirnwietich,1
ermüdet,1
heilen,1
Schlaghaus,1
Schlachthaus,1
Zehle,1
Aufnahme,1
ufnämme,1
Blattfües,1
ufgänn,1
verbitte,1
Flieger,1
Verspräche,1
Abwesenheit,1
aufnehmen,1
vergässen,1
Betrachten,1
Griwle,1
geheimnisvolli,1
geischterhaft,1
müsike,1
Rieschter,1
hämmer,1
Oper,1
missérable,1
Totebaum,1
geheimi,1
Schlänzer,1
versohle,1
aufschreien,1
sterb,1
fräch,1
Frächheit,1
verletzt,1
abnehmen,1
Gschpänschter,1
Häxe,1
Schräcke,1
genauer,1
gspückt,1
Bueckel,1
unterwerfe,1
Alarm,1
Köerper,1
feschte,1
Gsetzel,1
Fummel,1
Rüecke,1
Stöess,1
Wehe,1
dracket,1
Verspracha,1
Häimweh,1
Kläine,1
vermaledäit,1
Häerd,1
jämmerli,1
häissi,1
Stüne,1
Üewerfluss,1
harthärzi,1
günschtich,1
inkaafe,1
Tröepfle,1
Droscht,1
ähnli,1
Schocola,1
gemachter,1
räise,1
gäwe,1
draime,1
fahl,1
brachti,1
Trumbeet,1
Böese,1
böese,1
Härzer,1
herrsche,1
kranker,1
Eise,1
ufhöere,1
Neujohr,1
heilsami,1
kürier,1
Züfall,1
Medizine,1
Chirurgie,1
üsg'schlosse,1
züfälli,1
B'suech,1
Wändle,1
pique,1
lichti,1
Versteckte,1
Priese,1
schnitze,1
gemüetli,1
ufgenn,1
Gejegift,1
Erheben,1
gekläbt,1
schelt,1
begonnen,1
Hofft,1
armselige,1
Schöner,1
entsetzlich,1
garantiere,1
Großartig,1
Gruß,1
berühmt,1
amüsier,1
faschte,1
Naht,1
vollgstopft,1
gleichgültig,1
Bedittung,1
Evangelium,1
Trürigkeit,1
Fluech,1
treij,1
befehlend,1
Treij,1
gerechter,1
Üswäj,1
Böuj,1
dheile,1
Blütsüger,1
Armüet,1
Dropf,1
Verstick,1
Erbärmlicher,1
starken,1
Amesire,1
Anbetung,1
Gsetzle,1
bejahend,1
Erschrickt,1
eleganter,1
Abmeldung,1
Göttsacker,1
hüwe,1
kostbar,1
Glücke,1
leidenschaftlichen,1
zurückhalten,1
Gör,1
vertrauen,1
vermide,1
leiblich,1
Krankheiten,1
Laternen,1
inbrünstig,1
Schätz,1
Jüged,1
besizen,1
rechtmäßig,1
sündigen,1
hilfreiche,1
Prüfungen,1
eilten,1
Nerv,1
Bruderschaft,1
häßlich,1
Gefahr,1
vergeben,1
Glückseligkeit,1
Suchen,1
Kommunion,1
unbefleckt,1
Troste,1
Christi,1
lauten,1
erleichtern,1
Besitz,1
genießen,1
Ganze,1
Krankenhause,1
abgezehrten,1
Lebenskraft,1
gelobte,1
vornahm,1
strengen,1
Gotte,1
benachrichtigen,1
Fürchte,1
Druck,1
aufgehoben,1
einfachen,1
betranken,1
Singen,1
schamloser,1
Verderb,1
Furcht,1
Brutalität,1
schleudere,1
gerechten,1
Schinheiligi,1
Beschuldigte,1
Traume,1
furtlaufe,1
häßliche,1
nedder,1
starke,1
Matrone,1
priest,1
Rechten,1
leidende,1
Pfizel,1
unordentlich,1
Käfi,1
Wibsbilder,1
plöuje,1
gemeine,1
Vorsichtig,1
bleiche,1
Leischtung,1
Versüeche,1
Angenehm,1
üwwel,1
Lorbeere,1
Ehring,1
Verlonn,1
Schokola,1
fortgehn,1
empörend,1
Bindel,1
gefiert,1
geehrter,1
glükliche,1
erwaart,1
gspässig,1
Verrucktheite,1
zurücktritt,1
fircht,1
Großbabbe,1
erbärmlicher,1
Schändlich,1
Verruckt,1
Kampfe,1
erhawe,1
hochi,1
Empfinde,1
seelischi,1
empfinde,1
läbhaft,1
köschtlicher,1
Sehne,1
uewerwältigendi,1
einsame,1
Visione,1
ewiger,1
Miej,1
uewerspannti,1
verdammti,1
uewerspannt,1
üwerspannti,1
unüssprechlich,1
uewerflüssig,1
G’fall,1
zarter,1
fatte,1
lichtsinnigi,1
drüürig,1
einzigi,1
allerletschte,1
Höchste,1
unschuldiger,1
üssg’suecht,1
wuensch,1
fetti,1
Champion,1
Rennfahrer,1
Shatz,1
verrukt,1
Wybsbild,1
wohrer,1
Feschtung,1
Monstrum,1
Krebs,1
durichschlupfe,1
g'scheit,1
Kannibale,1
Sturz,1
fürchterli,1
ähnlichs,1
gebrocheni,1
radel,1
shmeichelhaft,1
Furtschritt,1
unglaublich,1
eleganti,1
unvergeßli,1
Bewiß,1
Grueß,1
Sicht,1
Shmitz,1
Schläij,1
brech',1
keije,1
Böije,1
bedüürt,1
b'sundersch,1
üwerglückli,1
göttliche,1
zyttig,1
verscheiche,1
isolere,1
yng’fange,1
zwecklos,1
eklatante,1
üssfalle,1
G’fangeschaft,1
konsültiere,1
Sklaverej,1
Keffi,1
G’scheite,1
wohrhaftig,1
Revolt,1
behandle,1
hoffnungsloser,1
komplett,1
G’fährlicher,1
yng’sperrt,1
Hoffnungsloser,1
Bänd,1
Revolütion,1
unentschlosse,1
Unte,1
Unfehlbare,1
blaue,1
sichere,1
üssg'suecht,1
ginschtige,1
Wyhnachte,1
Draim,1
schlächte,1
Krakeeler,1
unschuldigi,1
rootsam,1
unzefridde,1
leerer,1
züverlässig,1
iwerglicklich,1
verroot,1
ärmer,1
Ehrlich,1
behaupt,1
Verroot,1
Schwerverbrecher,1
Unglicklich,1
ynbreche,1
stossť,1
Windstoss,1
Erynkumme,1
ehrewärti,1
Denunziation,1
stroofe,1
verurdeilt,1
Beruefung,1
Urdeil,1
Schlächti,1
schlächti,1
Gschäfter,1
Teijfel,1
Poschtkütch,1
vrlonn,1
Hochzittsreiss,1
gschähne,1
untrej,1
abnämme,1
Heile,1
unruehich,1
wunderbare,1
lieblig,1
Spritzer,1
gànn,1
annäme,1
brummig,1
Gitzkräje,1
starrt,1
riehwig,1
ungmietlig,1
Metzge,1
fählerlos,1
sant,1
uffgstande,1
Asah,1
Reschpakt,1
besonderer,1
gemächt,1
unerwarte,1
geglauibt,1
Boxer,1
würdigen,1
bankrotte,1
Saharah,1
wunderscheener,1
ferchterlig,1
Miserawel,1
energischen,1
knurrt,1
lacherligs,1
Konflikt,1
Glauiwe,1
lawandig,1
apartig,1
Vrstandnis,1
zurückhaltend,1
fattig,1
Warfe,1
kochig,1
Vrluscht,1
unmeglig,1
selige,1
Zuchthüs,1
schandlig,1
entsprachend,1
Spalt,1
Gerechte,1
Wohlwolle,1
vrsicher,1
Boxen,1
aggressiv,1
plötzlichen,1
Bedrohung,1
bewaffnete,1
parvenir,1
bedauernd,1
läewe,1
erschreckten,1
Lüüne,1
Rootschläej,1
lachned,1
Schatüll,1
unanständig,1
üff,1
erhebend,1
räechte,1
kriwwle,1
Batsch,1
genäuej,1
gschläueje,1
kläine,1
gezwungener,1
Drescher,1
laawe,1
Salbschtmord,1
Laache,1
uffnahme,1
Dunkel,1
vrsüffe,1
häuptsachli,1
gröeßeri,1
Groos,1
Unterarm,1
Mainung,1
iewerfalle,1
blöij,1
Kerzenlicht,1
Rischt,1
fahlerhafter,1
Häiligi,1
unmittelbarer,1
Battel,1
ordinäri,1
Mannschaft,1
Jübiläum,1
Abfüehrmittel,1
luschdi,1
Deraschiere,1
Warm,1
Harrschafte,1
Näid,1
begreifen,1
lebhaften,1
verdrehte,1
Comite,1
Gueten,1
köstliche,1
bereuen,1
komm',1
schad',1
B'süch,1
güti,1
Uszeichnung,1
viehmäßig,1
betrinke,1
festliche,1
Veranstaltung,1
reiben,1
fröhliche,1
Vereinigung,1
theil,1
festlich,1
Madamen,1
Geburt,1
g'scheiti,1
süch,1
fihre,1
Arbeiten,1
steert,1
electrischer,1
inkaufe,1
Begeisterung,1
Zitt',1
berihmt,1
Lorbeeren,1
grad',1
Schieler,1
g'rad,1
gewissenhafte,1
gerechte,1
Justiz,1
Anstalt,1
minen,1
Verständniß,1
Pompier,1
barbare,1
Werterbüch,1
zammen,1
Bickel,1
Amusement,1
Üsflüg,1
akademische,1
genossen,1
bequeme,1
Ausfluge,1
Bisamme,1
frij,1
wunderlichi,1
apparti,1
Büürehoft,1
Mischthiffe,1
scheesse,1
schees,1
verdeene,1
Wunsche,1
gemäss,1
äufmerksam,1
Häus,1
garanteer-i,1
Henkereij,1
verträumt,1
treue,1
würdiger,1
vergehe,1
riskeere,1
einladend,1
bekannter,1
vermuet,1
Frait,1
Täte,1
Vergniejen,1
Verbesserüngen,1
Profasser,1
prüfen,1
Prüfen,1
bissi,1
jingst,1
versüffe,1
Schulhaus,1
Aelterer,1
gäje,1
g'schläuje,1
Räche,1
Steel,1
Verleebt,1
tönze,1
Leewer,1
Tier,1
amüseere,1
Pläseer,1
versuchen,1
Tanzen,1
Verfluchte,1
lawandi,1
wunderschöne,1
verfluchten,1
Fuerichti,1
unmöejli,1
stärkerer,1
Schmeer,1
Kichern,1
überfuhr,1
aufgab,1
Schütteln,1
Famile,1
Jury,1
Plaseer,1
Lächerlich,1
Tadel,1
Unaufmerksamkeit,1
freund,1
Reed,1
Möglichkeit,1
Wahrscheinlichkeit,1
bestimmte,1
Verstanden,1
G'schiedheit,1
Schleck,1
vielicht,1
abläufe,1
iwwerglücklich,1
bereuj,1
beleebt,1
fieri,1
fierigi,1
Stürmisch,1
sonderbare,1
gedenken,1
unvergesslicher,1
ungläubig,1
Ungläubig,1
Hafte,1
ungläubige,1
ausgelassen,1
scheess,1
gläube,1
Räuwe,1
morde,1
gewaltsam,1
Fräit,1
kitzeln,1
Berechnunge,1
Messunge,1
Bedyttung,1
glüeklich,1
Üewerspannti,1
verruekt,1
Misstrauen,1
verstohlene,1
Experimente,1
wisseschaftlichi,1
Unglüecklich,1
unterbrech,1
Uffenthalt,1
phénoménal,1
inlade,1
Charmant,1
Katastroph,1
trennen,1
Begründer,1
erfreulich,1
Überraschungen,1
Uewwerraschung,1
aufbreche,1
Pfieler,1
élite,1
Famillie,1
nochgedenkt,1
Kurzsichtigkeit,1
Qualität,1
Knicks,1
Offiezier,1
Artillerie,1
Grosvater,1
Anarchist,1
Empfange,1
Iberraschung,1
zerissen,1
bestätigen,1
Geschäfte,1
Stärk,1
läm,1
Flicht,1
mitmachen,1
Perspektiv,1
erstickter,1
Glückwünsche,1
Gebett,1
résultat,1
b’schränke,1
Geriss,1
Aprobation,1
wärmer,1
fass,1
angriffe,1
üsgezeichnet,1
eventuelli,1
Problem,1
Belaichtung,1
unreife,1
Küss,1
Ueweraschung,1
Uewweraschung,1
überraschende,1
verblüffende,1
behandeln,1
Furore,1
schmeichelhaft,1
Ableben,1
Messung,1
Verlangen,1
kreuz,1
quer,1
wissenschaftlicher,1
übertreffen,1
Tarantel,1
Erbitterung,1
Behauptung,1
schiessen,1
Überzeugt,1
Auseinandersetzung,1
beleidigen,1
verrückten,1
Untersuchungen,1
verklagen,1
verletzen,1
erheben,1
unverschämter,1
gemietliche,1
Zeugen,1
Ausflug,1
überraschen,1
kleenen,1
fertigebrocht,1
Traurigkeit,1
Pistol,1
Üwerraschunge,1
verzweifelte,1
düschtere,1
böesi,1
Sprachlos,1
Begeeschterung,1
Hilfe,1
Bereitschaft,1
einzelnen,1
versink,1
Besuche,1
vétéran,1
Nachbar,1
vordrängen,1
geehrte,1
läwen,1
Dummheiten,1
eenfach,1
verziehen,1
zusamm,1
feindliche,1
Batterie,1
Gewehr,1
verschwunden,1
jüngschte,1
Lächerli,1
unterbrochen,1
lutte,1
gemütlicher,1
berüchtigten,1
Lebhafte,1
verzichten,1
Reihen,1
lebhafter,1
ambition,1
Scheine,1
Verloren,1
Vereinen,1
Illüsione,1
verzehj,1
bstätige,1
offiziel,1
beschweren,1
gemietlicher,1
scharfen,1
Schreiend,1
schädlichs,1
zueffällig,1
Buschuhr,1
abgelaufe,1
koschtbarer,1
ähnlich,1
vermute,1
Verrät,1
Kummediant,1
ferichte,1
Vorsprung,1
Schirmen,1
g’spannt,1
uewerglücklich,1
Blosbalik,1
Offiziell,1
himmlischi,1
betrunken,1
betrunke,1
Bluetsüger,1
Klage,1
Einladung,1
Beileid,1
hängenden,1
Bestürzung,1
Freudig,1
G’schenk,1
wichtgi,1
Miehj,1
Uewerraschung,1
erkämpfe,1
verdächtigi,1
Versteckt,1
grässlicher,1
wärel,1
lieblicher,1
Erkrankung,1
verschollene,1
Erschienung,1
Campagne,1
verfehl,1
Wütend,1
Ohrfeij,1
Herrschafften,1
bekomme,1
niesse,1
Schawe,1
Abfahrt,1
Dürmel,1
energischi,1
energische,1
abgereist,1
Niese,1
glüeckliche,1
Grossvatter,1
furchtbaren,1
gestohlen,1
bruele,1
Feigheit,1
Prejel,1
G’fahr,1
schwächer,1
stolzen,1
bizarren,1
hassen,1
üwerfalle,1
Nerfe,1
Unglücklich,1
Glücklicher,1
Eipidemie,1
Friedde,1
eriinkumme,1
folgender,1
Spezialischt,1
narrisch,1
Kranki,1
üssgehn,1
aufrecht,1
G'schenk,1
Menschefresser,1
scharmant,1
Blicke,1
Kreatüre,1
Zeremonie,1
Belohnung,1
grimmig,1
ruiniert,1
reize,1
güetherzige,1
Amüsiere,1
Bosheit,1
erwartungsvoll,1
unterstand,1
seltene,1
Kinderjohre,1
Schnapp,1
Vorliebe,1
undankbarer,1
Reize,1
brennender,1
heissen,1
Rhumatisse,1
Blose,1
Steigerung,1
Gaischtere,1
ungewäsche,1
Liej,1
gschberrt,1
Schweis,1
glückselig,1
stupf,1
erfüelle,1
annekumme,1
belieabt,1
gradel,1
Umbringe,1
gschbassige,1
Frischi,1
bellt,1
wüetig,1
Gitter,1
dunkli,1
Missetate,1
Schiewe,1
ewegnäme,1
bsueche,1
Boujour,1
föercht,1
giftigi,1
annekumm,1
rüescht,1
summe,1
Dunner,1
mogle,1
Rhumedisse,1
Unterhosse,1
fluech,1
gschtohlener,1
Deifeli,1
Felswand,1
Süess,1
Pleite,1
Retter,1
üewerspannt,1
Ringkämpfer,1
deckel,1
Unterhose,1
begrüesst,1
grösseri,1
bataillon,1
Böüje,1
Spazierstock,1
bschisse,1
Stahle,1
Roht,1
rachti,1
Prozession,1
kume,1
Prejs,1
Hurraah,1
Polizischt,1
Veräin,1
Geburtstag,1
Spinner,1
Mannel,1
greife,1
brüll,1
verderben,1
Latärn,1
schöeneri,1
Frejhäit,1
Schwäiss,1
Bäim,1
Radel,1
härzich,1
Dräim,1
rummle,1
versprache,1
kränkli,1
angschtli,1
greller,1
Mitlieds,1
furchtbarer,1
fuedere,1
Witwe,1
gröesseri,1
mithalfe,1
Eländer,1
abgspanne,1
Harrschaft,1
gfasster,1
beschieden,1
siege,1
ruhjiche,1
Begahr,1
Weihnachten,1
tadellos,1
Siege,1
siegen,1
unterlassen,1
Stuhlgang,1
Eland,1
genuj,1
luschtichi,1
verbland,1
Kläiner,1
gottlosi,1
Dote,1
starick,1
abstritte,1
unschuldicher,1
Fräide,1
Härd,1
erfahre-ne,1
häisser,1
Bandele,1
gschläuje,1
Wüete,1
Andanke,1
Prüfung,1
Fiend,1
gekämpft,1
Preise,1
verricht,1
Handgranat,1
ufnamme,1
höechste,1
Erstünne,1
Verführer,1
mor’n,1
elektrischen,1
g’schtorwe,1
G’sündheit,1
elektrischi,1
anschaffe,1
Helligkeit,1
Gemeind,1
Zentrum,1
Zischen,1
Dumme,1
Lampen,1
Gemäinde,1
G’schräij,1
Karne,1
Wohnzimmer,1
prozasse,1
Stache,1
G’füehl,1
Schnuffel,1
verschwindle,1
g’spassi,1
g'schahn,1
annahme,1
Herzlich,1
vergesslich,1
vergasslich,1
bequam,1
ufnehme,1
Trommel,1
verläch,1
langwillich,1
Kränk,1
grossarti,1
meschügge,1
schlöij,1
mächti,1
Mamaa,1
verlor'n,1
abfahren,1
drohende,1
faul,1
Gigger,1
G’sang,1
unracht,1
g’sunde,1
schläuje,1
ufrichtige,1
wunderschöen,1
ergriffen,1
Aerwet,1
schnalli,1
Verrode,1
Rahm,1
güed,1
schlachti,1
latze,1
grossardi,1
höechsti,1
Wachter,1
Wäibsbild,1
Kanzli,1
Rachte,1
Dächel,1
Battelmann,1
Baöm,1
Drumbeeter,1
jüenger,1
lieslicher,1
Bsundersch,1
glaöib,1
älder,1
köechle,1
'Kätt,1
Daönze,1
Daönz,1
besoffen,1
Düschter,1
Siffzer,1
Näwel,1
Urlaub,1
Blüem,1
Stroofe,1
unverstande,1
bekomm,1
Vellicht,1
glänzich,1
fierig,1
versenkt,1
sunderbarer,1
Maïdel,1
Heiligdum,1
matti,1
Radle,1
wärmere,1
Dräimer,1
Sunneschien,1
friendli,1
uffrichti,1
dracketer,1
Arn,1
Schlachter,1
rooti,1
glaöwe,1
rüeschde,1
Schnitze,1
unverschämti,1
Leje,1
Stritte,1
erinkomme,1
indrette,1
lahme,1
lahmer,1
jüengere,1
Begläitung,1
Bandel,1
Dräne,1
bsüech,1
half,1
niederer,1
geliebte,1
Fräindschaft,1
Fräinde,1
Versprachen,1
Fäierlichkäit,1
Aeinladung,1
Arschäinung,1
Fraindschaft,1
Hochzäiter,1
zucke,1
durschti,1
üewerwältigt,1
sinnlos,1
Schneesturm,1
Liedeschaft,1
opfere,1
Starne,1
Gfuehl,1
Mitlied,1
offener,1
Weich,1
inkomme,1
abkomme,1
äriger,1
unglüeckli,1
rüehj,1
Träim,1
üssblose,1
furtläuif,1
Gschenk,1
brache,1
Richtigkäit,1
kläner,1
Schulz,1
viehmassi,1
ankomme,1
gemahn,1
Bläich,1
lindre,1
abgebroche,1
einzich,1
Inhalt,1
Möerder,1
häilich,1
Vädder,1
Vorvädder,1
schreje,1
grell,1
uffrächt,1
tapfer,1
wunderlicher,1
viellichte,1
jäschte,1
battle,1
liebhaftig,1
Bürehofft,1
Macke,1
Ifersucht,1
Rootschlaj,1
uffrichtige,1
Glückwünsch,1
Schieße,1
Verstorbenen,1
erben,1
besonderen,1
gesund,1
gescheiter,1
heilsamen,1
vorlieb,1
besitze,1
ausgesucht,1
ältesten,1
unmittelbar,1
ändre,1
Clown,1
Wertpapieren,1
anfangen,1
vertröuje,1
Beruhigen,1
Wittwe,1
Leide,1
Fröiij,1
verständiger,1
geschätzte,1
versticke,1
jüngerer,1
lehren,1
Treten,1
Warten,1
gfällig,1
änsam,1
anmache,1
lieweri,1
Schwanken,1
Verachte,1
unglaublicher,1
stürmischer,1
begriffen,1
ungeschickt,1
geglückt,1
reif,1
Verbindungen,1
verbindungen,1
älteren,1
ausgezeichnet,1
Unten,1
Gschpaß,1
Leichtherz,1
iwerglücklich,1
verliebter,1
seriöser,1
verdirb,1
gewaltig,1
entsetzlichen,1
zwanglos,1
Stärke,1
schütze,1
wunderfizi,1
vorgschriwwe,1
ungsund,1
Famelli,1
vermüdt,1
Häiliger,1
abscheilicher,1
Gruppen,1
Knekes,1
Räis,1
Üsenandersetzung,1
Hochzittereij,1
üslaare,1
Schriften,1
erworben,1
üsgezeichneti,1
zurücktreten,1
kette,1
Schweri,1
begrüßt,1
Beratung,1
Umschlag,1
Beweise,1
danken,1
fröhlicher,1
Ambitione,1
schlauwe,1
schpanne,1
G'füehl,1
g'schtrooft,1
tötlich,1
künde,1
angefangen,1
heilijeh,1
g'schtorwe,1
Bappe,1
vorwerfe,1
ruewig,1
v'rliebt,1
anvertrauen,1
Mut,1
Examen,1
Geehrte,1
zärtliche,1
übertriebener,1
Lieferungen,1
v’rgesse,1
Beschwerde,1
schrift,1
Ministerium,1
Liewé,1
unternehm,1
v'rständig,1
v'rzwiefelt,1
Schtroof,1
Schpritz,1
liffer,1
abgelehnt,1
G’schejdheit,1
überglücklich,1
Todesfall,1
Todsfall,1
trürigi,1
ruejig,1
v'rschnied,1
Trümpf,1
Chikane,1
Schpiel,1
hirnwüetichi,1
ienverstande,1
V'rschwinde,1
entwickle,1
Richtungen,1
b'sunderi,1
schlüdere,1
treijlos,1
Tejfel,1
Vätter,1
nähre,1
ambetiert,1
Kuttler,1
Bruederschaft,1
v'rlang,1
sheen,1
Gemeinschaft,1
Unglieck,1
Verwandschaft,1
zuruckgehn,1
gesegnete,1
uffdringlicher,1
Bedeutung,1
bemühe,1
Folge,1
unglücklichen,1
Chican,1
Teyfel,1
versuche,1
Schtock,1
wieti,1
unangenehme,1
beenden,1
gemuetlichs,1
gueta,1
V'rmoeje,1
Hürrah,1
Aengschte,1
Krachen,1
gemiedlich,1
Bumb,1
Kanonier,1
Stöcke,1
verurteile,1
Versteckten,1
Plattfueß,1
fuericht,1
Picknick,1
ruescht,1
ungemietlich,1
b'handele,1
Schikane,1
beherrsch,1
hitzige,1
v'rgesse,1
g'schpanne,1
Süend,1
schtille,1
bruel,1
Schlauwe,1
klär,1
Verrat,1
unglücklichs,1
verkleidti,1
bestätigt,1
verlogen,1
Beweis,1
bewachen,1
schpiel,1
guater,1
mid,1
Verbannung,1
gemütlichen,1
Vrzeje,1
verzeije,1
beruflich,1
verhindert,1
gschpanne,1
großartich,1
tichtig,1
ploeje,1
mintwäje,1
gschejti,1
husten,1
spucken,1
Deiffel,1
verhiroti,1
widderspenschtich,1
glaw,1
bedaure,1
nischts,1
Erscheinungen,1
Witwer,1
ausgezeichneten,1
köstlichen,1
verachten,1
Mittele,1
Schienen,1
Bitten,1
Üßgezeichnet,1
warten,1
misch,1
Ansprüche,1
Sparren,1
Freind,1
entwickeln,1
Frinde,1
gemuetli,1
Deile,1
versorgen,1
zufällig,1
Schneck,1
vertraue,1
ershreckt,1
ablaufe,1
veruckt,1
fortlaufen,1
Mench,1
Zuefälli,1
Unfehlbar,1
Beese,1
vergib,1
wüesht,1
Flitterwuche,1
Verlejeheit,1
Verzwiefelte,1
Gräßlichs,1
heißi,1
mintwaje,1
Gedärm,1
kleinr,1
röj,1
Schläujanfall,1
zarti,1
veruckti,1
Zuschlagen,1
verdräjt,1
fæhle,1
erleest,1
hænge,1
heiliche,1
Trepfele,1
Bewys,1
hochmietig,1
Beleidigt,1
verlæje,1
ung’howelt,1
Gebætt,1
furichti,1
Gedærmer,1
siessi,1
uffmeriksam,1
schlæchte,1
greescht,1
üssmache,1
Idiot,1
Fæhler,1
erleese,1
Hümor,1
fyericht,1
Plæsier,1
Erpressung,1
Versprech,1
ræcht,1
Docteur,1
ræchte,1
begraawe,1
wacklig,1
Schuss,1
Verseehnung,1
hælfe,1
g’fitzte,1
schlæcht,1
gyzig,1
gezielt,1
begeischterter,1
schwärm,1
zweckloser,1
bleeder,1
beriehmt,1
Alterdum,1
B’sitz,1
Schlächter,1
härzlos,1
brütaler,1
furichtbar,1
Unrächt,1
Meinungsverschiedeheit,1
Energisch,1
Box,1
schlächter,1
Kippes,1
wieschti,1
g’schlaawe,1
yefrig,1
verruckter,1
eweggnemm,1
schwäri,1
Hochmietig,1
Wyebsbild,1
hälf,1
wischti,1
draim,1
starre,1
verdraawe,1
bierle,1
Rächte,1
schwind,1
groteski,1
ginschtig,1
saftige,1
g’fange,1
Jachd,1
fryndlieh,1
Sindebock,1
stilli,1
G’schähn,1
ung'howelt,1
gewalttätig,1
Zusammenbruch,1
Aktien,1
Kindigung,1
scharfe,1
Verschwendung,1
vertraje,1
mint'wege,1
üsstehn,1
öffentli,1
moralischer,1
verständige,1
süm,1
Plag,1
kräftiger,1
Gfühl,1
dreckete,1
‚kranke,1
ansteckend,1
schwärmt,1
Schnüffele,1
prächti,1
Strenge,1
Sozialist,1
Wahlen,1
Einfall,1
nachhelfen,1
schlauen,1
Bomben,1
Granaten,1
verflucht,1
ausgestorben,1
Schreien,1
bedeuten,1
hé,1
aufgeregten,1
ordinair,1
Glaube,1
g’schlawe,1
massakrier,1
häng,1
flotte,1
verhüete,1
Zuefäll,1
unerwarti,1
Bankrott,1
Advokate,1
Usflüg,1
g'spuckt,1
g'segnete,1
angenehm',1
Rueh,1
zit,1
Heiratsvermittler,1
dummen,1
gebrochener,1
Dunkeli,1
Tschöjdi,1
v'rdiene,1
Blüemele,1
Laach,1
gerachent,1
v’rdiene,1
Einzig,1
Suche,1
Hiesele,1
toillet,1
Illüssione,1
Räecht,1
gfetzte,1
v'rliere,1
Umhängel,1
Heiligkeit,1
ewigi,1
langwieli,1
frind,1
majestätischer,1
respektvoll,1
oonfange,1
eintönig,1
Mannele,1
Rezapt,1
gsüünd,1
Narve,1
Fahlt,1
Quacksalwerej,1
v'rtriewe,1
uffdecke,1
fracher,1
unv'rschamter,1
Kunkürrant,1
Hündsknoche,1
Chrischtes,1
oonahme,1
Menschhäit,1
Hochachtung,1
laach,1
briell,1
läume,1
kehje,1
uffali,1
v'rdaachtige,1
warli,1
riechend,1
bhäupte,1
andli,1
v‘rdammte,1
gstampelt,1
Räih,1
respaktiert,1
v'rdaachti,1
nochgedankt,1
Wahrhaftigkäit,1
v‘rwehre,1
schnupfe,1
Owriekäit,1
Noochber,1
kälwere,1
zammefahre,1
v‘rdaachtige,1
bienöönder,1
laachter,1
Gsindel,1
Deekel,1
krafti,1
prozässe,1
Ehrli,1
unehrlichs,1
brüelle,1
kraache,1
vrdammti,1
Drohungen,1
Träime,1
Kriag,1
vergabe,1
glückliger,1
Schen,1
Umhangle,1
Wüascht,1
wiatig,1
allewiil,1
Arbet,1
Miah,1
kauift,1
Bliamle,1
Künscht,1
güati,1
Jungfrauie,1
nature,1
Vergasse,1
Dumm,1
ignorante,1
gegesitig,1
such,1
prachtig,1
gottlos,1
gänne,1
Liabschter,1
Meidle,1
schlaui,1
Warne,1
iwerspannte,1
Kanschterle,1
Gliek,1
Beten,1
riäwig,1
sät,1
steigender,1
wohler,1
Kolteri,1
riawig,1
Büass,1
läre,1
Miatere,1
verächtl,1
zucken,1
Wesen,1
fliage,1
uffrischt,1
Gege,1
Geiste,1
Angle,1
nochhalfe,1
Maidli,1
Liabschte,1
glauibe,1
grobe,1
Flack,1
wärmeren,1
laare,1
Dunnerwatter,1
hochmiatige,1
Bichte,1
droje,1
wiascht,1
gnosse,1
vertroje,1
Lüne,1
Bindele,1
heimelige,1
Schüalhüs,1
vertrauend,1
troje,1
Höill,1
versüache,1
besonder,1
lar,1
Schinheilig,1
Verrückt,1
üf,1
Jungfere,1
fächterlig,1
liage,1
teil,1
Fracher,1
Müâter,1
verdrait,1
liaber,1
fride,1
verlegener,1
schalte,1
schande,1
Liawe,1
winsche,1
lare,1
güater,1
Älteste,1
bsundere,1
drackig,1
Ifall,1
zitig,1
kauderwelschen,1
Bückel,1
Lis,1
Sul,1
Kaibe,1
geärgert,1
Koltri,1
siass,1
bsasse,1
Angele,1
dankbarer,1
Züafall,1
langwilige,1
kurzwilig,1
g'schah,1
verliabte,1
agnahm,1
allewal,1
verbarge,1
Starn,1
glaib,1
Ekstase,1
wiaschti,1
Gosche,1
Schene,1
fiatere,1
freundlicher,1
andrs,1
schliasslig,1
schin,1
Bscheide,1
süge,1
Fälsche,1
definitivi,1
luschtige,1
Üwerraschung,1
gresser,1
unglich,1
behaupte,1
iverstande,1
lustige,1
Temperament,1
Alten,1
heirat,1
lachet,1
lösche,1
jinger,1
genöuj,1
G’spenscht,1
g’scheiter,1
Mißverständnis,1
Famelje,1
Hierot,1
fawelhäft,1
Madem,1
gemuetlichi,1
Seemann,1
beruehige,1
G'heimnisse,1
Tatsach,1
Verpflichtunge,1
grüende,1
seelisch,1
moralisch,1
Pruefung,1
b'scheidener,1
ähnlichi,1
Missg'schicker,1
Blasphemie,1
b'handle,1
geistig,1
Beruehige,1
höechst,1
b'sunderer,1
Prinzessine,1
liebscht,1
Glüecklich,1
G’heimnisser,1
schmutzig,1
bekämpfe,1
Gemeinden,1
Heiligen,1
definitif,1
Bündele,1
verkleidt,1
Bäbbe,1
heroische,1
vorbereit,1
ziemliche,1
Heiligtum,1
strengi,1
G'sund,1
älteri,1
Schlaauer,1
üsgezeichneter,1
nüetzlich,1
grôschte,1
krähje,1
starike,1
Trompet,1
Uffallend,1
grösseren,1
Hafen,1
g'schulte,1
’Madamme,1
Unterstüetzung,1
Friddaa,1
ausgelöst,1
traurigen,1
bedauern,1
Intriguen,1
bösere,1
Gipfel,1
widerlichen,1
Lügner,1
übertroffen,1
witzig,1
niedrigen,1
Gewissen,1
Niedertracht,1
offensichtlich,1
inspiriert,1
diplomatischen,1
reskier,1
betraacht,1
heuchlerisch,1
heikel,1
intim,1
Annäherunug,1
gierig,1
vorbereite,1
Uffmerksamkeit,1
ung'schickt,1
beruehmt,1
ernejt,1
ruehrend,1
Zwang,1
ruehrendi,1
G’fuehler,1
Mitt'le,1
G'fahr,1
Hochzytter,1
Institüt,1
stuermisch,1
wüetend,1
Hascht,1
Echter,1
Prinzessinne,1
originell,1
Originell,1
höechster,1
Carneval,1
Lüxüs,1
zerucktrette,1
Denkmool,1
volli,1
schlimmeri,1
profitier,1
Vorüssetzung,1
g'heimnisvoll,1
einsamen,1
Düften,1
lichte,1
Frieden,1
politischen,1
Kämpfe,1
Versöehnung,1
rüehrend,1
vernoochlässigt,1
jämmerlich,1
Wahrhaft,1
machtiger,1
Faldzug,1
regiera,1
schlachta,1
Rudel,1
einsama,1
iwerfalla,1
Dankbarkeit,1
lustiga,1
Ehra,1
tapfera,1
gmein,1
Gliebt,1
andlosa,1
angfanga,1
kälter,1
Vermöga,1
Uesschlag,1
befriediga,1
berühiga,1
löscha,1
Bsitz,1
arnschter,1
üssüecha,1
abwarta,1
üsschnüfa,1
verdiena,1
driwa,1
üsglicha,1
Falla,1
Rinder,1
vorüwergehend,1
iwerziegend,1
versunka,1
tapfra,1
gschlaga,1
Weisheit,1
Ratsel,1
gestohla,1
zögra,1
sehnsüchtig,1
schwarza,1
Gleck,1
saltsam,1
bittrer,1
zwinga,1
Lösegald,1
gliabt,1
Verleumdunga,1
briederlich,1
ungünschtig,1
fromma,1
fortfahra,1
gmeinsami,1
brava,1
sindiger,1
begahra,1
Unerreichbar,1
feiger,1
Kreatur,1
schrecklicha,1
plötzlicher,1
Richtung,1
mörder,1
aklaga,1
Täter,1
versinka,1
ufgricht,1
wilder,1
Herrlich,1
Anklag,1
Illusiona,1
g’schah,1
leidschaftlich,1
treua,1
willkumma,1
Grusse,1
beleidiga,1
trürä,1
Bewiesa,1
behoipta,1
Anklaga,1
schleudra,1
verschaffa,1
verbunda,1
ufgeregt,1
Schmarz,1
misstroisch,1
schreia,1
bewiesa,1
Höf,1
Türm,1
bestätiga,1
Uesgang,1
Lächelt,1
Bsüch,1
Stärka,1
Grües,1
Urkund,1
Stärkung,1
schütz,1
Schirmherr,1
feierliche,1
Gelübde,1
besondern,1
Rüstungen,1
Freida,1
verweigert,1
ufgschlossa,1
Griess,1
koschtbar,1
harzlich,1
ufbracha,1
unglücklicha,1
entlarva,1
verwahra,1
Frieda,1
Rühm,1
garantiera,1
ansteckenda,1
ferchta,1
erreicha,1
bsitza,1
moralischa,1
blüetigi,1
anvertroia,1
anvertroi,1
gheim,1
verreisa,1
Heiliga,1
gfahrlicha,1
hartnäckig,1
Kirchhof,1
abscheulicha,1
glicklichi,1
angewiedert,1
entsetzlicha,1
arnschta,1
Kriegsmann,1
spotta,1
lichtfartig,1
Sunna,1
kriegerisch,1
Kriegerischi,1
Begeischternng,1
Ruhm,1
Müetiga,1
Machtiga,1
komma,1
Hoffnunga,1
Kamarada,1
hoffa,1
Lehra,1
Kaplan,1
Manscha,1
kampfa,1
Heldatum,1
sorgalos,1
Sorgalos,1
inbrünschtig,1
göttlicha,1
Peitsche,1
verzerrt,1
Erfüll,1
nutzlosa,1
Verzwieflung,1
Rüschtung,1
Verrot,1
ankumma,1
Gfangena,1
liefer,1
Christen,1
peitscha,1
treuloser,1
Verbinda,1
Gstandnis,1
Halfer,1
üsgsüecht,1
teiflicher,1
bösa,1
forscha,1
ohnmachtig,1
Krizfahrt,1
himmlische,1
teiflischa,1
verdarwa,1
unnatirlicha,1
Voraus,1
Vertrag,1
betraga,1
widerstanda,1
reichlichi,1
Bekenntnis,1
süfra,1
verhöra,1
andlich,1
rächa,1
Gwicht,1
gegloibt,1
verdachtig,1
Schanda,1
beginna,1
unglicklicha,1
müetig,1
gehrt,1
Verhör,1
schlinga,1
allmachtiger,1
Gebat,1
lowa,1
Heissa,1
frischa,1
Ufregung,1
Troim,1
verhindra,1
rachta,1
betriega,1
Kerker,1
Singa,1
blüetiga,1
Betrug,1
Verschwörer,1
laara,1
Beschta,1
Narra,1
stähla,1
Lanze,1
treffend,1
langa,1
Verflüecht,1
seligi,1
Betroga,1
ertrink,1
vergah,1
strang,1
lachelt,1
schrecklicher,1
Sinder,1
stolza,1
sorga,1
armseliga,1
Haschta,1
erin-kumme,1
annehme,1
Unkœschte,1
Versicherunge,1
Nejohr,1
Aermeri,1
boesi,1
Verletzunge,1
verwundt,1
Lungeentzüendung,1
Accident,1
Amüesiere,1
Enttäuschunge,1
Schluk,1
Wohltat,1
aufrichten,1
Kamrade,1
Verband,1
ufrichtiger,1
Streik,1
untere,1
Anspruch,1
Schneller,1
üwerleijt,1
wertlos,1
Gefüehl,1
erstickt,1
Schuldige,1
spöttig,1
Kamrad,1
Verwöhne,1
aannehme,1
g’schejt,1
Untersüchungen,1
stamm,1
Meinunge,1
üwerlejt,1
Uffklärunge,1
versüche,1
bysame,1
Doochder,1
verhöre,1
Verspätung,1
Heimwej,1
Blüme,1
Gemetzel,1
Révolution,1
berühige,1
wietige,1
greschte,1
Verfolger,1
g’fährlige,1
Natur,1
liedrige,1
Oeffentli,1
ditli,1
Zile,1
hetzige,1
unbefleckte,1
Geschrei,1
johle,1
Schrecklichi,1
g’schahn,1
Treie,1
wihnachtlich,1
uffallig,1
verzichte,1
bekannte,1
Wäjele,1
erfahrener,1
himmlisch,1
glückliche,1
rache,1
dräckig,1
elendig,1
Despotismus,1
erschtemol,1
abgelenkt,1
jüngscht,1
griess,1
schuldige,1
heil,1
verfluechte,1
grescht,1
siegreiche,1
stirze,1
Verrater,1
Sklaverei,1
grobi,1
raube,1
abschaffe,1
Verfluecht,1
Sül,1
vol,1
getrage,1
blend,1
G’setzer,1
trotze,1
befreien,1
Fehlt,1
Fride,1
g’schlage,1
fiehrer,1
lüschtere,1
Würdiger,1
siegreich,1
Morderei,1
feschtlich,1
fröhlichi,1
treier,1
G’schenker,1
herrlichs,1
gleckseli,1
beten,1
bemühen,1
überwältigt,1
ketten,1
verteidig,1
feige,1
Neijohr,1
g’fahrlig,1
Uessicht,1
Patronne,1
schada,1
gschossa,1
prachtvolle,1
labhaft,1
dumma,1
umaschlaga,1
fina,1
Wittfräui,1
Zeugnisse,1
frieda,1
Maß,1
richtiga,1
vergrawa,1
Anstoß,1
hochmütig,1
verhirote,1
üslara,1
Keschtlig,1
G’schank,1
verkleida,1
herrlig,1
Risiko,1
g’spanna,1
kleinere,1
Crème,1
ehrbara,1
g’meina,1
nedertrachtiga,1
Aerger,1
Zeicha,1
betrieb,1
liabschta,1
schwimma,1
Schwimma,1
g’macht,1
astandiga,1
Worta,1
astandige,1
jomre,1
Güeta,1
junga,1
B’süech,1
Jungfre,1
Kaschta,1
frach,1
verhirota,1
begleita,1
madam,1
heißa,1
Schatulle,1
Gschanker,1
kalta,1
Ehr�?2,
glauw�?3,
dank�?2,
biesamme�?1,
griffbar�?1,
liebscht�?1,
glücklich�?1,
Buschur�?2,
scheener�?1,
gelunge�?1,
Ja�?1,
gän�?1,
versuchen�?1,
Unter�?1,
stehle-n�?1,
Zitt�?1,
uff�?1,
lehr�?1,
Schön�?1,
