forme,key1,key2
Do,T,
Patron,PTRN,
sinn,SN,
d',T,
Schueh,X,
Jetz,YTS,
isch,AX,
schun,XN,
nien,NN,N
Ühre,AR,
un,AN,
Der,TR,T
steht,XTT,
endli,ANTL,
uf,AF,
—,,
wenn,VN,
dis,TS,
dr,TR,
Diener,TNR,TN
tät,TT,
mach,MR,
no,N,
wär,VR,
's,S,
e,A,
füler,FLR,FL
Kaib,KP,
awer,AVR,AY
dr,TR,
Herr,HR,
—,,
hahaha,HHH,
Der,TR,T
soll,SL,
nächt,NRT,
kenni,KN,
heime,HM,
g'schleift,KXLFT,
hann,HN,
D',T,
Stäj,XT,
isch-r,AXR,
uf,AF,
Händ,HNT,
un,AN,
Fües,FS,
eruf,ARF,
gegrobelt,KKRPLT,KKRVLT
Er,AR,A
wurd,VRT,
e,A,
schöner,XNR,XN
Katzejammer,KTSYMR,KTSYM
hann,HN,
Jetzt,YTST,
isch-r,AXR,
widder,VTR,VT
verschläckt,FRXLKT,VRXLKT
un,AN,
weiss,VS,
nit,NT,
wass-r,VSR,
esse,AS,
un,AN,
drinke,TRNK,
will,VL,
Na,N,
do,T,
hett-r,HTR,
jo,Y,
d',T,
Üswahl,ASVL,
Rollmops,RLMPS,
Sardinle,SRTNL,
Häri,HR,
Servilasalädel,SRFLSLTL,SRVLSLTL
Schwitzerkäs,XVTSRKS,
—,,
Härz,HRS,HRTS
was,VS,
begährsch,PKRX,PYRX
Stäcke,XTK,
wo,V,
bisch,PX,
Uutsch,ATX,
—,,
ah,A,
min-r,MNR,
Kopf,KPF,
min-r,MNR,
Kopf,KPF,
Do,T,
hinne,HN,
brummt,PRMT,
's,S,
grad,KRT,
as,AS,
wenn,VN,
lütter,LTR,LT
Maikafer,MKFR,MKF
drinne,TRN,
rum,RM,
däte,TT,
surre,SR,
Hattsch,HTX,
weniger,VNKR,VNY
gedrunke,KTRNK,
Guete,KT,
Morje,MRY,
Herr,HR,
Meyer,MR,M
—,,
Do,T,
sitze,STS,
se,S,
anne,AN,
un,AN,
esse,AS,
se,S,
emol,AML,
e,A,
Mumpfel,MMPFL,
no,N,
wurd,VRT,
's,S,
ne,N,
schun,XN,
besser,PSR,PS
wäre,VR,
Was,VS,
hesch,HX,
dänn,TN,
Guet,KT,
's,S,
Häri,HR,
—,,
brr,PR,
—,,
nein,NN,
—,,
ich,A,AX
kann,KN,
nix,NKS,
esse,AS,
Schänk,XNK,
mr,MR,
emol,AML,
e,A,
Glas,KLS,
Soda,ST,
in,AN,
ich,A,AX
hab,HP,
e,A,
Brand,PRNT,
—,,
E,A,
Stüeckel,XTKL,
Schwitzerkäs,XVTSRKS,
kennt,KNT,
i,A,
glauwi,KLF,KLV
esse,AS,
ohne,AN,
Brot,PRT,
Ah,A,
diss,TS,
küehlt,KLT,
Win,VN,
kann,KN,
i,A,
kenner,KNR,KN
schmecke,XMK,
hitt,HT,
morje,MRY,
Jo,Y,
sie,S,
wäre,VR,
genuej,KN,
gebüerscht,KPRXT,KVRXT
hann,HN,
gescht,KXT,
Nacht,NRT,
Sie,S,
sinn,SN,
gemutzt,KMTST,
gsinn,KSN,
—,,
hahaha,HHH,
e,A,
Nuntebuckel,NNTPKL,NTVKL
Was,VS,
haw-i,HV,
denn,TN,
alles,ALS,
angschtellt,ANKXTLT,
in,AN,
minere,MNR,
Kischt,KXT,
—,,
hä,H,
Ich,A,AX
muess,MS,
jetz,YTS,
noch,NR,
lache,LR,
wenn,VN,
i,A,
dran,TRN,
dänk,TNK,
wie,V,
se,S,
uf,AF,
Händ,HNT,
un,AN,
Fües,FS,
d',T,
Stäj,XT,
eruf,ARF,
gegrobelt,KKRPLT,KKRVLT
sinn,SN,
—,,
un,AN,
e,A,
Arweit,ARVT,
haw-i,HV,
ghett,KT,
mit-ne,MTN,
bis,PS,
Sie,S,
im,AM,
Bett,PT,
sinn,SN,
gläje,KLY,
Sie,S,
hann,HN,
als,ALS,
mit-mr,MTMR,
welle,VL,
danze,TNTS,
un,AN,
no,N,
hann,HN,
se,S,
im,AM,
Anglais,ANKLS,
un,AN,
de,T,
Cilinder,KLNTR,KLNT
uf-em,AFM,
Kopf,KPF,
in,AN,
's,S,
Bett,PT,
welle,VL,
leje,LY,
—,,
Sie,S,
hann,HN,
als,ALS,
gsaat,KST,
Ich,A,AX
hab,HP,
kalti,KLT,
Fües,FS,
Ei,A,
ei,A,
—,,
uuh,A,
min-r,MNR,
Kopf,KPF,
—,,
was,VS,
der,TR,T
kaiwe,KF,KV
Risling,RSLNK,
nitt,NT,
alles,ALS,
anstellt,ANXTLT,
—,,
—,,
puh,P,
ich,A,AX
schwitz,XVTS,
ganz,KNS,KNTS
—,,
schenk,XNK,
mr,MR,
e,A,
Soda,ST,
in,AN,
Wenn,VN,
numme,NM,
dr,TR,
Deifel,TFL,
alli,AL,
Süffereje,SFRY,
hole,HL,
dät,TT,
…,,
Wo,V,
Sie,S,
nitt,NT,
d',T,
rbi,RP,
sinn,SN,
—,,
gelle,KL,
Patron,PTRN,
Verschon,FRXN,VRXN
mich,M,MX
um,AM,
's,S,
Himmelswille,HMLSVL,
mit,MT,
dine,TN,
füle,FL,
Witz,VTS,
hit,HT,
Ah,A,
wie,V,
guet,KT,
—,,
oh,A,
min-r,MNR,
Kopf,KPF,
—,,
Brrr,PRR,
Ich,A,AX
muess,MS,
mich,M,MX
vun,FN,VN
jetzt,YTST,
ab,AP,
meh,M,
zeruckhalte,TSRKHLT,
im,AM,
drinke,TRNK,
ich,A,AX
verdraa,FRTR,VRTR
's,S,
nimi,NM,
…,,
awer,AVR,AY
was,VS,
will,VL,
i,A,
als,ALS,
mache,MR,
wenn,VN,
i,A,
Gschäfte,KXFT,
will,VL,
mache,MR,
füer,FR,F
d',T,
Assurance,ASRNK,
Wenn,VN,
i,A,
emol,AML,
die,T,
Generalagentür,KNRLKNTR,KNRLYTR
in,AN,
Strossburri,XTRSPR,
hab,HP,
un,AN,
ich,A,AX
hab,HP,
Üssicht,ASXT,
ass-es,ASS,
ball,PL,
isch,AX,
no,N,
kann,KN,
ich,A,AX
meh,M,
uf-em,AFM,
Büro,PR,
bliewe,PLF,PLV
Derf,TRF,
ich,A,AX
no,N,
au,A,
mit,MT,
Patron,PTRN,
wenn,VN,
se,S,
emol,AML,
uf,AF,
Strosburri,XTRXPR,
kumme,KM,
Ich,A,AX
well,VL,
noch,NR,
sähne,SN,
Dü,T,
besch,PX,
e,A,
bissel,PSL,
lichtsinni,LXTSN,
un,AN,
hesch,HX,
mr,MR,
schun,XN,
e,A,
manicher,MNXR,MNX
dummer,TMR,TM
Streich,XTR,XTRX
angstellt,ANKXTLT,
E,A,
bissel,PSL,
lichtsinni,LXTSN,
isch,AX,
jo,Y,
nitt,NT,
viel,FL,VL
un,AN,
ich,A,AX
versprech,FRXPRX,VRXPRX
ne,N,
nie,N,
meh,M,
e,A,
Dummheit,TMHT,
ze,TS,
mache,MR,
Na,N,
—,,
will,VL,
de,T,
mir,MR,
diss,TS,
verspreche,FRXPRX,VRXPRX
duesch,TX,
will,VL,
i,A,
dich,T,TX
mitnämme,MTNM,
—,,
Was,VS,
isch,AX,
im,AM,
Briefkäschtel,PRFKXTL,
gsinn,KSN,
D',T,
Zittunge,TSTNK,
—,,
ah,A,
un,AN,
e,A,
Brief,PRF,
Der,TR,T
isch,AX,
schun,XN,
gescht,KXT,
Owe,AF,AV
kumme,KM,
Vun,FN,VN
Nanci,NNK,
vun,FN,VN
dr,TR,
General-Direction,KNRLTRKTN,
Mir,MR,
wurd,VRT,
's,S,
schwach,XVR,
Ich,A,AX
sell,SL,
sofort,SFRT,
uf,AF,
General-Direction,KNRLTRKTN,
kumme,KM,
wäje,VY,
persönliche,PRSNLX,
Besprechunge,PXPRXNK,
—,,
wohrschin,VRXN,
's,S,
isch,AX,
's,S,
wäje,VY,
dere,TR,
Stell,XTL,
als,ALS,
Generalagent,KNRLKNT,KNRLYT
in,AN,
Strosburri,XTRXPR,
Ei,A,
ei,A,
un,AN,
noch,NR,
emol,AML,
e,A,
Ei,A,
—,,
mit,MT,
dem,TM,
Kopf,KPF,
soll,SL,
ich,A,AX
uf,AF,
Nanci,NNK,
—,,
mit,MT,
dem,TM,
Katzejammer,KTSYMR,KTSYM
Isebahn,ASPN,ASVN
fahre,FR,
Lang,LNK,
mer,MR,M
emol,AML,
schnell,XNL,
dr,TR,
Fahrplan,FRPLN,
in,AN,
minere,MNR,
Mapp,MP,
Wenn,VN,
mejli,ML,
grej,KR,
ich,A,AX
dene,TN,
Schnellzug,XNLTSK,
wo,V,
geje,KY,
de,T,
zehne,TSN,
abfahrt,APFRT,
no,N,
wär,VR,
ich,A,AX
geje,KY,
de,T,
zweje,TSVY,
in,AN,
Nanci,NNK,
Voila,FL,VL
Patron,PTRN,
dr,TR,
Fahrplan,FRPLN,
Es,AS,
danzt,TNST,
mer,MR,M
alles,ALS,
vor,FR,VR
de,T,
Aue,A,
—,,
fahrt,FRT,
dr,TR,
Schnellzugg,XNLTSK,
do,T,
kennt,KNT,
's,S,
noch,NR,
lange,LNK,
dene,TN,
kennt,KNT,
i,A,
nämme,NM,
Wieviel,VFL,VVL
Ühr,AR,
isch,AX,
denn,TN,
Ja,Y,
do,T,
—,,
die,T,
steht,XTT,
—,,
do,T,
isch,AX,
halwer,HLVR,HLV
drej,TR,
—,,
die,T,
haw,HF,HV
ich,A,AX
vergässe,FRKS,VRKS
ufzezeje,AFTSTSY,
Es,AS,
isch,AX,
jetzt,YTST,
genau,KN,
noch,NR,
e,A,
Viertel,FRTL,VRTL
üewer,AFR,AV
Nien,NN,N
Schnell,XNL,
es,AS,
langt,LNKT,
noch,NR,
ich,A,AX
nämm,NM,
's,S,
Velo,FL,VL
Lang,LNK,
mr,MR,
miner,MNR,MN
Frack,FRK,
dr,TR,
Panamahuet,PNMHT,
un,AN,
dr,TR,
hell,HL,
Bardessü,PRTS,
im,AM,
Kaschte,KXT,
Also,ALS,
ich,A,AX
kumm,KM,
sobald,SPLT,SVLT
wie,V,
mejli,ML,
zeruck,TSRK,
b'stellsch,PSTLX,
min,MN,
Esse,AS,
ab,AP,
im,AM,
Restaurant,RXTRNT,RXTRT
duesch,TX,
emol,AML,
all,AL,
Zimmer,TSMR,TSM
grüendlich,KRNTL,KRNTLX
brobber,PRPR,PRP
mache,MR,
—,,
no,N,
hesch,HX,
Beschäftigung,PXFTKNK,PXFTYNK
—,,
un,AN,
mach,MR,
mr,MR,
kenn,KN,
Lumpestreich,LMPXTR,LMPXTRX
sunsch,SNX,
raucht,RRT,
's,S,
Sie,S,
brüche,PRR,
kenn,KN,
Angscht,ANKXT,
ze,TS,
hann,HN,
Patron,PTRN,
—,,
Sie,S,
kenne,KN,
ruehj,RY,
reise,RS,
Bon,PN,
—,,
also,ALS,
adje,ATY,
Jean,YN,
un,AN,
mach,MR,
wie,V,
ich,A,AX
gsaat,KST,
hab,HP,
Hesch,HX,
au,A,
's,S,
Velo,FL,VL
gebutzt,KPTST,KVTST
gescht,KXT,
Ja,Y,
ja,Y,
Patron,PTRN,
gebutzt,KPTST,KVTST
un,AN,
ganz,KNS,KNTS
frischi,FRX,
Luft,LFT,
nin,NN,
gebummbert,KPMPRT,KVMPRT
No,N,
isch,AX,
guet,KT,
E,A,
ganzer,KNTSR,KNTS
Daa,T,
ellein,ALN,
Was,VS,
kennt,KNT,
mr,MR,
do,T,
alles,ALS,
anstelle,ANXTL,
Ah,A,
ich,A,AX
sell,SL,
jo,Y,
gründlich,KRNTL,KRNTLX
brobber,PRPR,PRP
mache,MR,
A,A,
füer,FR,F
was,VS,
denn,TN,
dies,TS,
es,AS,
wurd,VRT,
jo,Y,
doch,TR,
widder,VTR,VT
dräcket,TRKT,
Dort,TRT,
vorne,FRN,VRN
rädelt,RTLT,
dr,TR,
Patron,PTRN,
Dem,TM,
isch,AX,
's,S,
nitt,NT,
um,AM,
's,S,
Velo,FL,VL
fahre,FR,
—,,
hahaha,HHH,
—,,
e,A,
Gsicht,KSXT,
hett-r,HTR,
Aah,A,
do,T,
bin,PN,
i,A,
drbie,TRP,
denn,TN,
ich,A,AX
hab,HP,
e,A,
Hunger,HNKR,HNK
ass,AS,
mr,MR,
's,S,
Wisse,VS,
in,AN,
de,T,
Aue,A,
gixt,KKST,
Männel,MNL,
Männel,MNL,
Dich,T,TX
möecht,MXT,
ich,A,AX
emol,AML,
sähne,SN,
wenn,VN,
dü,T,
kenn,KN,
Hunger,HNKR,HNK
hesch,HX,
Ich,A,AX
kann,KN,
nix,NKS,
drfüer,TRFR,TRF
es,AS,
isch,AX,
e,A,
Erbstüeck,ARPXTK,
vun,FN,VN
mim,MM,
Vater,FTR,VT
Der,TR,T
hett,HT,
immer,AMR,AM
g'saat,KST,
Esse,AS,
un,AN,
drinke,TRNK,
hebt,HPT,
dr,TR,
Lieb,LP,
an,AN,
dr,TR,
Seel,SL,
zamme,TSM,
und,ANT,
Wer,VR,V
nicht,NXT,
essen,ASN,AS
will,VL,
soll,SL,
auch,AR,
nicht,NXT,
arbeiten,ARPTN,ARPT
Do,T,
hesch,HX,
e,A,
Stüeck,XTK,
Brot,PRT,
In,AN,
dr,TR,
Bibel,PPL,PVL
steht,XTT,
geschriewe,KXRF,KXRV
Der,TR,T
Mensch,MNX,
lebt,LPT,
nicht,NXT,
vom,FM,VM
Brote,PRT,
allein,ALN,
—,,
es,AS,
muss,MS,
auch,AR,
Fleisch,FLX,
dabei,TP,TV
sein,SN,
Do,T,
ess,AS,
emol,AML,
dene,TN,
Servilasalad,SRFLSLT,SRVLSLT
dü,T,
Frässbüch,FRSPR,
Un,AN,
jetz,YTS,
welle,VL,
mr,MR,
emol,AML,
Gsundheit,KSNTHT,
drinke,TRNK,
Gsundheit,KSNTHT,
Männel,MNL,
Männel,MNL,
isch,AX,
dies,TS,
e,A,
Dröpfele,TRPFL,
Wenn,VN,
mr,MR,
vun,FN,VN
dem,TM,
drinkt,TRNKT,
meint,MNT,MT
mr,MR,
grad,KRT,
e,A,
Engele,ANKL,
schlupft,XLPFT,
eim,AM,
mit,MT,
samete,SMT,
Badhöesele,PTHSL,
de,T,
Hals,HLS,
nab,NP,
Jetz,YTS,
ess,AS,
doch,TR,
Victor,FKTR,VKTR
nämm,NM,
was,VS,
de,T,
Luscht,LXT,
hesch,HX,
—,,
un,AN,
dü,T,
bisch,PX,
schun,XN,
ferdi,FRT,
mit,MT,
dim,TM,
Servilasalad,SRFLSLT,SRVLSLT
Bisch,PX,
jetz,YTS,
satt,ST,
Ohoo,AH,
…,,
satt,ST,
Jetz,YTS,
bekumm,PKM,
ich,A,AX
erscht,ARXT,
Idee,AT,
Do,T,
ess,AS,
denne,TN,
Käs,KS,
vun,FN,VN
uns,ANS,
zwei,TSV,
will,VL,
ne,N,
doch,TR,
kenner,KNR,KN
Weiss,VS,
kenner,KNR,KN
nix,NKS,
ze,TS,
babble,PPL,
Schakob,XKP,
die,T,
höert,HRT,
mr,MR,
jetz,YTS,
gar,KR,
nimm,NM,
Kenn,KN,
Zitt,TST,
—,,
wenn,VN,
ich,A,AX
babbel,PPL,
kann,KN,
i,A,
nitt,NT,
esse,AS,
Warde,VRT,
ich,A,AX
verzehl,FRTSL,VRTSL
ebs,APS,
—,,
ich,A,AX
weis,VS,
ebs,APS,
gelunges,KLNKS,
Im,AM,
Isebahn,ASPN,ASVN
isch,AX,
e,A,
besserer,PSRR,PSR
Herr,HR,
g'sässe,KSS,
un,AN,
im,AM,
sälwe,SLV,
Coupé,KP,
e,A,
Madame,MTM,
mit-eme,MTM,
Hundel,HNTL,
e,A,
nätt,NT,
's,S,
Bummerle,PMRL,
uf-em,AFM,
Geere,KR,
Der,TR,T
Herr,HR,
züend't,TSNTT,
sich,S,SX
e,A,
Cygarr,KKR,KYR
an,AN,
un,AN,
näwelt,NFLT,NVLT
druff,TRF,
los,LS,
wie,V,
e,A,
Düerik,TRK,
Die,T,
Madame,MTM,
reclamiert,RKLMRT,
und,ANT,
saat,ST,
sie,S,
kann,KN,
's,S,
Rauche,RR,
nitt,NT,
verdraue,FRTR,VRTR
Der,TR,T
Herr,HR,
saat,ST,
er,AR,A
verdraat,FRTRT,VRTRT
's,S,
un,AN,
raucht,RRT,
härzhaft,HRSFT,
widdersch,VTRX,
Do,T,
risst,RST,
die,T,
Madame,MTM,
dem,TM,
Herr,HR,
d',T,
Cygarr,KKR,KYR
üs-em,ASM,
Müll,ML,
un,AN,
schmisst,XMST,
se,S,
racta,RKT,
zuem,TSM,
Coupéfänschter,KPFNXTR,KPFNXT
nüss,NS,
der,TR,T
Herr,HR,
awer,AVR,AY
au,A,
nitt,NT,
füll,FL,
un,AN,
schmisst,XMST,
dere,TR,
Madame,MTM,
ihr,AR,
Hündel,HNTL,
au,A,
nüss,NS,
Die,T,
Madame,MTM,
isch,AX,
schier,XR,X
in,AN,
Ohnmacht,ANMRT,
kejt,KT,
un,AN,
an,AN,
der,TR,T
Station,XTTN,
geht,KT,
se,S,
rüss,RS,
ün,AN,
direkt,TRKT,
zuem,TSM,
chef,KF,XF
de,T,
gare,KR,
—,,
der,TR,T
Herr,HR,
geht,KT,
awer,AVR,AY
au,A,
glich,KL,KLX
noch,NR,
un,AN,
allwill,ALVL,
se,S,
do,T,
mit-nander,MTNNTR,MTNNT
uf-,AF,
un-ab,ANP,
mache,MR,
ze,TS,
kummt,KMT,
's,S,
Hündele,HNTL,
ze,TS,
laufe,LF,
—,,
un,AN,
was,VS,
meine-nr,MNNR,
was-es,VSS,
im,AM,
Müll,ML,
hett,HT,
g'hett,KT,
Im,AM,
Herr,HR,
sini,SN,
Cigarr,KKR,KYR
Aba,AP,AV
—,,
—,,
—,,
d',T,
Zung,TSNK,
hett,HT,
's,S,
im,AM,
Müll,ML,
g'hett,KT,
Pah,P,
diss,TS,
sinn,SN,
widder,VTR,VT
so,S,
Plän,PLN,
vun,FN,VN
dir,TR,
—,,
so,S,
isch,AX,
eine,AN,
guet,KT,
ze,TS,
verwiische,FRVX,VRVX
wenn,VN,
mer,MR,M
am,AM,
Esse,AS,
isch,AX,
Schakob,XKP,
alle,AL,
rej,R,
dich,T,TX
nitt,NT,
uf,AF,
wäje,VY,
dem,TM,
drinke,TRNK,
mr,MR,
liewer,LFR,LV
eins,ANS,
—,,
Alle,AL,
Gebott,KPT,KVT
santé,SNT,ST
ass,AS,
mr,MR,
s',S,
franzeesch,FRNTSX,
nitt,NT,
vergässe,FRKS,VRKS
Wenn,VN,
ich,A,AX
alle,AL,
Daa,T,
so,S,
e,A,
Läwe,LF,LV
hätt,HT,
no,N,
wott,VT,
i,A,
gar,KR,
nitt,NT,
stärwe,XTRV,
Schakob,XKP,
jetz,YTS,
müehsch,MX,
dü,T,
emol,AML,
ebs,APS,
verzehle,FRTSL,VRTSL
—,,
weisch,VX,
denn,TN,
kenn,KN,
Witz,VTS,
Ich,A,AX
Oh,A,
jeh,Y,
—,,
wenn,VN,
ich,A,AX
möecht,MXT,
redde,RT,
dät,TT,
wotte,VT,
—,,
aah,A,
weisch,VX,
wenn,VN,
ich,A,AX
ebs,APS,
saa,S,
no,N,
isch,AX,
's,S,
gered't,KRTT,
Na,N,
ze,TS,
saa,S,
emol,AML,
ebs,APS,
Mit-em,MTM,
nüechtere,NRTR,
Maue,M,
—,,
ich,A,AX
glaab,KLP,
dü,T,
bisch,PX,
gebickt,KPKT,KVKT
—,,
so,S,
kann,KN,
ich,A,AX
doch,TR,
nix,NKS,
verzehle,FRTSL,VRTSL
Lang,LNK,
mr,MR,
noch,NR,
Brot,PRT,
un,AN,
Wurscht,VRXT,
Männel,MNL,
Männel,MNL,
hesch,HX,
dü,T,
e,A,
Abbeditt,APTT,
—,,
Awer,AVR,AY
Schakob,XKP,
im,AM,
Ernscht,ARNXT,
Ich,A,AX
wett,VT,
mit,MT,
dir,TR,
um,AM,
was,VS,
ass,AS,
de,T,
witt,VT,
dass,TS,
dü,T,
nitt,NT,
Kaschper,KXPR,KXP
mit,MT,
de,T,
Nas,NS,
kannsch,KNX,
saue,S,
Awer,AVR,AY
drejmol,TRML,
hinter-e-nand,HNTRNNT,HTRNNT
mit,MT,
züegebundene,TSKPNTN,TSYVNTN
Aue,A,
Ho,H,
zell,TSL,
Do,T,
mach,MR,
ich,A,AX
gröescht,KRXT,
Wettung,VTNK,
—,,
so,S,
daub,TP,
bin,PN,
ich,A,AX
doch,TR,
nitt,NT,
Wie,V,
de,T,
üssiehsch,ASX,
gell,KL,
Um,AM,
was,VS,
gilt,KLT,
's,S,
Um,AM,
e,A,
Million,MLN,
Hoho,HH,
geh,K,
nurre,NR,
nitt,NT,
so,S,
hoch,HR,
dran,TRN,
Naan,NN,
nitt,NT,
eso,AS,
—,,
um,AM,
ebs,APS,
wo,V,
mr,MR,
au,A,
halte,HLT,
kann,KN,
Na,N,
saue,S,
mr,MR,
—,,
um,AM,
dene,TN,
Häri,HR,
do,T,
Denne,TN,
will,VL,
ich,A,AX
esse,AS,
wenn,VN,
ich,A,AX
gewinn,KFN,KVN
Angenumme,ANKNM,
Dü,T,
gehsch,KX,
awer,AVR,AY
witt,VT,
erab,ARP,
vun-ere,FNR,VNR
Million,MLN,
uf,AF,
e,A,
Häri,HR,
—,,
awer,AVR,AY
es,AS,
gilt,KLT,
E,A,
Nastuech,NXTR,
here,HR,
füer,FR,F
d',T,
Aue,A,
züzebinde,TSTSPNT,TSTSVNT
Do,T,
nämme,NM,
min,MN,
's,S,
denn,TN,
von,FN,VN
ejere,AYR,
will,VL,
ich,A,AX
kenn,KN,
's,S,
im,AM,
Gsicht,KSXT,
hann,HN,
So,S,
guet,KT,
zügebunde,TSKPNT,TSYVNT
Autsch,ATX,
—,,
nitt,NT,
so,S,
fescht,FXT,
Dü,T,
risch,RX,
mr,MR,
jo,Y,
d',T,
Hoor,HR,
erüss,ARS,
do,T,
hinte,HNT,HT
Ja,Y,
es,AS,
mues,MS,
fescht,FXT,
sinn,SN,
dü,T,
derisch,TRX,
kenn,KN,
Grimmele,KRML,
sähne,SN,
sunsch,SNX,
gilt,KLT,
's,S,
nitt,NT,
Siehsch,SX,
mini,MN,
Händ,HNT,
Naan,NN,
ich,A,AX
sieh,S,
nix,NKS,
es,AS,
isch,AX,
alles,ALS,
schwarz,XVRS,XVRTS
vor-mr,FRMR,VRMR
So,S,
jetz,YTS,
muehsch,MX,
drejmol,TRML,
Kaschper,KXPR,KXP
mit,MT,
dr,TR,
Nas,NS,
saue,S,
So,S,
jetz,YTS,
los,LS,
Kaschper,KXPR,KXP
mit,MT,
dr,TR,
Nas,NS,
Kaschper,KXPR,KXP
mit,MT,
dr,TR,
Nas,NS,
Kaschper,KXPR,KXP
mit,MT,
dr,TR,
Nas,NS,
Gewunne,KFN,KVN
gewunne,KFN,KVN
Hahaha,HHH,
—,,
verlore,FRLR,VRLR
hesch,HX,
verlore,FRLR,VRLR
Dü,T,
hesch,HX,
—,,
Kaschper,KXPR,KXP
nitt,NT,
mit,MT,
dr,TR,
Nas,NS,
gsaat,KST,
dü,T,
hesch,HX,
's,S,
jo,Y,
mit-em,MTM,
Müll,ML,
gsaat,KST,
O,A,
ihr,AR,
eländi,ALNT,
Kaiwe,KF,KV
ass-r,ASR,
sinn,SN,
Jetz,YTS,
lonn,LN,
mich,M,MX
mit,MT,
Fridde,FRT,
ich,A,AX
geh,K,
furt,FRT,
los,LS,
geh-wi,KV,
ich,A,AX
ess,AS,
kenn,KN,
Bisse,PS,
meh,M,
—,,
ich,A,AX
hab,HP,
e,A,
Wuet,VT,
wie,V,
e,A,
drejstöecket,TRSTKT,
's,S,
Hüs,HS,
Alle,AL,
Schakob,XKP,
dü,T,
wursch,VRX,
doch,TR,
noch,NR,
Gschpass,KXPS,
verstehn,FRXTN,VRXTN
Jo,Y,
sej,S,
doch,TR,
kenn,KN,
Kind,KNT,
wie,V,
e,A,
Beckeknächt,PKKNRT,
—,,
Schaköebele,XKPL,XKVL
da,T,
derfsch,TRFX,
de,T,
Häri,HR,
doch,TR,
noch,NR,
esse,AS,
Alle,AL,
wäje,VY,
mir,MR,
—,,
ze,TS,
will,VL,
ich,A,AX
widder,VTR,VT
guet,KT,
sinn,SN,
Siehsch,SX,
wenn,VN,
ich,A,AX
jetz,YTS,
e,A,
böeser,PSR,PS
Karakter,KRKTR,KRKT
hätt,HT,
ze,TS,
dät,TT,
ich,A,AX
dr,TR,
Häri,HR,
gar,KR,
nitt,NT,
esse,AS,
Ich,A,AX
weiss,VS,
jo,Y,
dü,T,
bisch,PX,
e,A,
güeter,KTR,KT
Dschori,TXR,
—,,
Zej,TS,
Victor,FKTR,VKTR
jetz,YTS,
muesch,MX,
eins,ANS,
singe,SNK,
dass,TS,
Läwe,LF,LV
in,AN,
d',T,
Büdick,PTK,
kummt,KMT,
Angenumme,ANKNM,
—,,
Also,ALS,
ufgebaset,AFKPST,AFKVST
—,,
de,T,
Refrain,RFRN,
singe-nr,SNKNR,
mit,MT,
Das,TS,
Rindfleisch,RNTFLX,
ist,AXT,
teuer,TR,T
Das,TS,
ist,AXT,
doch,TR,
zu,TS,
dumm,TM,
Es,AS,
laufen,LFN,LF
genug,KNK,
Rindviecher,RNTFXR,RNTVX
rum,RM,
Drulala,TRLL,
drula,TRL,
drulala,TRLL,
usw,ASV,
Das,TS,
Rindfleisch,RNTFLX,
ist,AXT,
teuer,TR,T
Das,TS,
ist,AXT,
doch,TR,
zu,TS,
dumm,TM,
Es,AS,
laufen,LFN,LF
genug,KNK,
Rindviecher,RNTFXR,RNTVX
rum,RM,
Drulala,TRLL,
drula,TRL,
drulala,TRLL,
usw,ASV,
De,T,
Patron,PTRN,
isch,AX,
furt,FRT,
Diss,TS,
isch,AX,
zo,TS,
züe,TS,
schöen,XN,X
Jetzt,YTST,
halte,HLT,
mr,MR,
zamme,TSM,
un,AN,
lonn,LN,
's,S,
Esse,AS,
nitt,NT,
stehn,XTN,
Drula,TRL,
—,,
—,,
—,,
—,,
Das,TS,
Rindfleisch,RNTFLX,
ist,AXT,
teuer,TR,T
Ich,A,AX
mach,MR,
mir,MR,
nix,NKS,
drüss,TRS,
Ich,A,AX
ess,AS,
e,A,
Häri,HR,
un,AN,
lach,LR,
Ejch,AX,
no,N,
üss,AS,
Drula,TRL,
—,,
—,,
—,,
Stille,XTL,
um,AM,
Gottswille,KTSVL,
stille,XTL,
—,,
es,AS,
hett,HT,
gschellt,KXLT,
Am,AM,
End,ANT,
dr,TR,
Patron,PTRN,
—,,
Der,TR,T
hett,HT,
dr,TR,
Zugg,TSK,
verfählt,FRFLT,VRFLT
—,,
Was,VS,
jetz,YTS,
Wenn,VN,
der,TR,T
ejch,AX,
do,T,
finde,FNT,
duet,TT,
—,,
er,AR,A
hett,HT,
schun,XN,
e,A,
Wuet,VT,
Ich,A,AX
spring,XPRNK,
zuem,TSM,
Fänschter,FNXTR,FNXT
nüss,NS,
Jo,Y,
Schöide,XT,
—,,
im,AM,
zweite,TSVT,
Stock,XTK,
Mansch,MNX,
duet,TT,
's,S,
weh,V,
Mache,MR,
nitt,NT,
lang,LNK,
verschwinde,FRXVNT,VRXVNT
verstecke,FRXTK,VRXTK
ejch,AX,
hopp,HP,
Wie,V,
ane,AN,
hä,H,
Schakob,XKP,
—,,
do,T,
hinter,HNTR,HT
de,T,
Fauteuil,FTL,
Victor,FKTR,VKTR
—,,
dü,T,
gehsch,KX,
unter,ANTR,AT
de,T,
Disch,TX,
—,,
naan,NN,
halt,HLT,
—,,
in,AN,
de,T,
Kaschte,KXT,
Awer,AVR,AY
nitt,NT,
bschliese,PXLS,
sunsch,SNX,
verstick,FRXTK,VRXTK
ich,A,AX
jo,Y,
Ich,A,AX
loss,LS,
Düer,TR,T
e,A,
bissel,PSL,
offe,AF,
hebbsch,HPX,
Düer,TR,T
am,AM,
Schloss,XLS,
ass,AS,
se,S,
nitt,NT,
ufgeht,AFKT,
—,,
do,T,
ejeri,AYR,
Kappe,KP,
So,S,
un,AN,
jetz,YTS,
mache,MR,
mr,MR,
uf,AF,
un,AN,
lueje,LY,
wer,VR,V
's,S,
isch,AX,
Ich,A,AX
kumm,KM,
ich,A,AX
kumm,KM,
Wie,V,
gfällt,KFLT,
's,S,
dr,TR,
im,AM,
Kaschte,KXT,
Victor,FKTR,VKTR
Eng,ANK,
genuej,KN,
geht,KT,
's,S,
häre,HR,
do,T,
drinne,TRN,
—,,
un,AN,
wie,V,
geht,KT,
's,S,
bie,P,
dir,TR,
Ich,A,AX
hab,HP,
jetz,YTS,
schun,XN,
Kritzweh,KRTSV,
—,,
wenn,VN,
mr,MR,
nurre,NR,
schun,XN,
drüsse,TRS,
wärde,VRT,
—,,
Pscht,PXT,
—,,
sie,S,
kumme,KM,
—,,
Salü,SL,
Also,ALS,
da,T,
wären,VRN,VR
wir,VR,
nu,N,
…,,
rue,R,
de,T,
la,L,
liberté,LPRT,LVRT
39,,
zweiter,TSVTR,TSVT
Stock,XTK,
Sind,SNT,
Sie,S,
Herr,HR,
Inspektor,ANXPKTR,
Meyer,MR,M
Ja,Y,
ja,Y,
—,,
—,,
der,TR,T
bin,PN,
—,,
ä,A,
—,,
ich,A,AX
bin,PN,
der,TR,T
Inspektor,ANXPKTR,
Meyer,MR,M
So,S,
so,S,
—,,
also,ALS,
du,T,
bist,PXT,
der,TR,T
Johann,YHN,
Der,TR,T
saat,ST,
mr,MR,
dü,T,
—,,
Ja-ja,YY,
ich,A,AX
bin,PN,
dr,TR,
Johann,YHN,
Aber,APR,AV
mich,M,MX
kennste,KNXT,
nich,N,NX
was,VS,
Ei,A,
herrjemersch,HRYMRX,
mach,MR,
doch,TR,
kein,KN,
so,S,
komisches,KMXS,
Gesichte,KSXT,
—,,
ich,A,AX
bin,PN,
doch,TR,
dein,TN,
Daufpate,TFPT,
Ei,A,
—,,
das,TS,
ist,AXT,
aber,APR,AV
furicht,FRXT,
Sie,S,
sind,SNT,
mein,MN,
Pate,PT,
Dies,TS,
isch,AX,
im,AM,
Patron,PTRN,
siner,SNR,SN
Pfetter,PFTR,PFT
Der,TR,T
isch,AX,
vun,FN,VN
driwe,TRF,TRV
Ja,Y,
—,,
mein,MN,
Gutester,KTXTR,KTXT
ich,A,AX
habe,HP,HV
dich,T,TX
über,APR,AV
die,T,
Daufe,TF,
gehalten,KHLTN,KHLT
—,,
Damals,TMLS,
warscht,VRXT,
de,T,
kaum,KM,
so,S,
gross,KRS,
und,ANT,
hast,HXT,
ganz,KNS,KNTS
mörderisch,MRTRX,
geschrien,KXRN,KXR
du,T,
warst,VRXT,
damals,TMLS,
schon,XN,
kein,KN,
Freund,FRNT,
vom,FM,VM
Wasser,VSR,VS
Stimmt,XTMT,
—,,
ich,A,AX
habe,HP,HV
damals,TMLS,
das,TS,
Wasser,VSR,VS
schon,XN,
auf,AF,
der,TR,T
Latte,LT,
gehett,KHT,
Ich,A,AX
verstehe,FRXTH,VRXTH
nicht,NXT,
—,,
wie,V,
meinste,MNXT,
auf,AF,
der,TR,T
Latte,LT,
Ja,Y,
das,TS,
heisst,HST,
—,,
nicht,NXT,
verbutzen,FRPTSN,VRPTS
nicht,NXT,
leiden,LTN,LT
können,KNN,KN
—,,
Herr,HR,
—,,
Herr,HR,
—,,
ä,A,
—,,
Otto,AT,
Mobil,MPL,MVL
Pferdewurstfabrikant,PFRTFRXTFPRKNT,PFRTVRXTFPRKT
mit,MT,
Dampfbetrieb,TMPFPTRP,
aus,AS,
Dräsden,TRXTN,TRXT
Also,ALS,
bitte,PT,
nämmen,NMN,NM
Sie,S,
Platz,PLTS,
Herr,HR,
Ottomobil,ATMPL,ATMVL
Pfärdefabrik,PFRTFPRK,
—,,
Bitte,PT,
—,,
Otto,AT,
Mobil,MPL,MVL
Pferdewurstfabrik,PFRTFRXTFPRK,PFRTVRXTFPRK
mit,MT,
Dampfbetrieb,TMPFPTRP,
Herr,HR,
Automo,ATM,
—,,
—,,
Um,AM,
Gotteswillen,KTSVLN,KTSVL
sprich,XPR,XPRX
meinen,MNN,MN
scheenen,XNN,XN
deutschen,TTXN,TTX
Namen,NMN,NM
nicht,NXT,
französisch,FRNTSSX,
aus,AS,
Sitzen,STSN,STS
Sie,S,
jetzt,YTST,
da,T,
annen,ANN,AN
wenn,VN,
's,S,
beliebt,PLPT,
Danke,TNK,
Ja,Y,
mein,MN,
Lieber,LPR,LV
dass,TS,
hättest,HTXT,
du,T,
dir,TR,
a,A,
wees,VS,
Knebbche,KNPX,
nicht,NXT,
träumen,TRMN,TRM
lassen,LSN,LS
dass,TS,
ich,A,AX
noch,NR,
mal,ML,
in,AN,
's,S,
Elsass,ALSS,
komme,KM,
Nein,NN,
dass,TS,
hätte,HT,
ich,A,AX
weiss,VS,
Knöpfelchen,KNPFLXN,KNPFLX
nicht,NXT,
geträumt,KTRMT,
Ja,Y,
ich,A,AX
hatte,HT,
keine,KN,
Ruhe,RH,
nich,N,NX
und,ANT,
wollte,VLT,
dich,T,TX
un,AN,
deine,TN,
Eltern,ALTRN,
noch,NR,
mal,ML,
sehen,SYN,SH
Als,ALS,
du,T,
auf,AF,
die,T,
Welt,VLT,
kamst,KMST,
da,T,
war,VR,
ich,A,AX
hier,HR,H
im,AM,
Elsass,ALSS,
an,AN,
der,TR,T
Post,PXT,
ich,A,AX
ging,KNK,
dann,TN,
nach,NR,
Dräsden,TRXTN,TRXT
und,ANT,
fing,FNK,
eine,AN,
Pferdewurstfabrik,PFRTFRXTFPRK,PFRTVRXTFPRK
an,AN,
Jetzt,YTST,
in,AN,
meinen,MNN,MN
alten,ALTN,ALT
Tagen,TKN,TK
da,T,
wollte,VLT,
ich,A,AX
doch,TR,
Euch,AR,
noch,NR,
mal,ML,
besuchen,PSRN,PSR
und,ANT,
da,T,
sagten,SKTN,SKT
mir,MR,
deine,TN,
Eltern,ALTRN,
dass,TS,
du,T,
hier,HR,H
in,AN,
der,TR,T
rue,R,
de,T,
la,L,
liberté,LPRT,LVRT
wohnst,VNXT,
und,ANT,
Inspektor,ANXPKTR,
bist,PXT,
—,,
na,N,
ja,Y,
und,ANT,
da,T,
bin,PN,
ich,A,AX
nun,NN,
—,,
es,AS,
freut,FRT,
mich,M,MX
dass,TS,
ich,A,AX
dich,T,TX
so,S,
frisch,FRX,
und,ANT,
munter,MNTR,MT
angetroffen,ANKTRFN,ANKTRF
habe,HP,HV
—,,
ach,AR,
ja,Y,
Bitte,PT,
sehr,SR,
Herr,HR,
Auto,AT,
—,,
ä,A,
Herr,HR,
Otto,AT,
Mobil,MPL,MVL
die,T,
Freude,FRT,
ist,AXT,
ganz,KNS,KNTS
auf,AF,
meiner,MNR,MN
Seite,ST,
Wenn-r,VNR,
nurre,NR,
Furt,FRT,
wär,VR,
Und,ANT,
nun,NN,
wollen,VLN,VL
wir,VR,
eins,ANS,
miteinander,MTNNTR,MTNNT
pfätzen,PFTSN,PFTS
eins,ANS,
dranschütten,TRNXTN,TRNXT
Na,N,
da,T,
wollen,VLN,VL
wir,VR,
mal,ML,
—,,
Was,VS,
fuchtelst,FRTLST,
du,T,
denn,TN,
da,T,
in,AN,
der,TR,T
Luft,LFT,
herum,HRM,
Habe,HP,HV
ich,A,AX
denn,TN,
gefuchtelt,KFRTLT,
Ah,A,
eine,AN,
Schnoock,XNK,
eine,AN,
Schnake,XNK,
fliest,FLXT,
da,T,
in,AN,
der,TR,T
Luft,LFT,
herum,HRM,
So,S,
nun,NN,
wollen,VLN,VL
wir,VR,
aber,APR,AV
Gsundheit,KSNTHT,
trinken,TRNKN,TRNK
Herr,HR,
Taufpate,TFPT,
es,AS,
soll,SL,
Ihnen,ANN,AN
wohl,VL,
tuhen,TYN,TH
bis,PS,
in,AN,
den,TN,T
grossen,KRSN,KRS
Zeh,TS,
Gesundheit,KSNTHT,
Gsundheit,KSNTHT,
Wer,VR,V
hat,HT,
denn,TN,
da,T,
gesprochen,KXPRRN,KXPRR
So,S,
e,A,
Dolle,TL,
Ei,A,
—,,
ei,A,
—,,
dass,TS,
ist,AXT,
—,,
ah,A,
dass,TS,
ist,AXT,
der,TR,T
Babaagei,PPK,PVY
—,,
in,AN,
zälleren,TSLRN,TSLR
Stubb,XTP,
dort,TRT,
drüben,TRPN,TRV
Ein,AN,
Papagei,PPK,PPY
Ei,A,
Herrjämersch,HRYMRX,
hat,HT,
der,TR,T
mich,M,MX
aber,APR,AV
erschrocken,ARXRKN,ARXRK
—,,
denn,TN,
muss,MS,
ich,A,AX
mir,MR,
mal,ML,
ansehen,ANSYN,ANSH
Nein,NN,
Herr,HR,
Mabul,MPL,MVL
—,,
ä,A,
—,,
Mobil,MPL,MVL
Sie,S,
können,KNN,KN
ihn,AN,
jetzt,YTST,
nicht,NXT,
gücken,KKN,KK
die,T,
Tür,TR,
ist,AXT,
verschlossen,FRXLSN,VRXLS
und,ANT,
mein,MN,
Diener,TNR,TN
hat,HT,
den,TN,T
Schlüssel,XLSL,
im,AM,
Sack,SK,
Na,N,
ich,A,AX
kann,KN,
ihn,AN,
ja,Y,
später,XPTR,XPT
beaugapfeln,PKPFLN,PYPFLN
Wie,V,
heisst,HST,
denn,TN,
der,TR,T
Papagei,PPK,PPY
Wie,V,
er,AR,A
heisst,HST,
A,A,
dass,TS,
weiss,VS,
ich,A,AX
wie,V,
der,TR,T
heisst,HST,
der,TR,T
heisst,HST,
—,,
—,,
ä,A,
—,,
Schakob,XKP,
heisst,HST,
er,AR,A
Schakob,XKP,
Halt,HLT,
's,S,
Müll,ML,
Der,TR,T
spricht,XPRXT,
ja,Y,
französisch,FRNTSSX,
—,,
Was,VS,
hat,HT,
er,AR,A
gesagt,KSKT,
Er,AR,A
hat,HT,
gesagt,KSKT,
—,,
—,,
was,VS,
sell,SL,
i,A,
numme,NM,
saue,S,
Er,AR,A
hatt,HT,
gesagt,KSKT,
Sei,S,
gegrüsst,KKRST,
Ich,A,AX
schwitz,XVTS,
vor,FR,VR
Angscht,ANKXT,
noch,NR,
Gagummere,KKMR,KYMR
Aber,APR,AV
nun,NN,
wollen,VLN,VL
wir,VR,
anstossen,ANXTSN,ANXTS
—,,
—,,
Gesundheit,KSNTHT,
Hier,HR,H
im,AM,
Zimmer,TSMR,TSM
hat,HT,
jemand,YMNT,
gepfiffen,KPFFN,KPFF
Jetz,YTS,
fangt,FNKT,
der,TR,T
au,A,
an,AN,
Ei,A,
—,,
ä,A,
dass,TS,
war,VR,
in,AN,
zällere,TSLR,
Stubb,XTP,
da,T,
drüben,TRPN,TRV
Da,T,
drinnen,TRNN,TRN
hab,HP,
ich,A,AX
eine,AN,
Atzel,ATSL,
Denne,TN,
due,T,
ich,A,AX
verkohle,FRKL,VRKL
A,A,
—,,
a,A,
—,,
Atzel,ATSL,
Das,TS,
ist,AXT,
auch,AR,
so,S,
ein,AN,
französischer,FRNTSSXR,FRNTSSX
Ausdruck,AXTRK,
—,,
Atzel,ATSL,
—,,
Was,VS,
ist,AXT,
denn,TN,
dass,TS,
—,,
Atzel,ATSL,
Atzel,ATSL,
Ei,A,
e,A,
Atzel,ATSL,
—,,
Das,TS,
ist,AXT,
ein,AN,
Vogel,FKL,VYL
denn,TN,
man,MN,
dressieren,TRSRN,TRSR
kann,KN,
dass,TS,
er,AR,A
Lieder,LTR,LT
pfeifen,PFFN,PFF
tun,TN,
tut,TT,
Isch,AX,
mr,MR,
diss,TS,
a,A,
lätzi,LTS,
Visit,FST,VST
Awer,AVR,AY
jetz,YTS,
welle,VL,
mir,MR,
uns,ANS,
nicht,NXT,
mehr,MR,
stören,XTRN,XTR
lassen,LSN,LS
Gesundheit,KSNTHT,
Auf,AF,
dein,TN,
ganz,KNS,KNTS
spezielles,XPTSLS,
Wohl,VL,
mein,MN,
lieber,LPR,LV
Johann,YHN,
Prosit,PRST,
Schakob,XKP,
Gehsch,KX,
nüss,NS,
Ich,A,AX
versteh,FRXT,VRXT
ihn,AN,
kein,KN,
Wort,VRT,
S',S,
isch,AX,
au,A,
besser,PSR,PS
Aber,APR,AV
—,,
mein,MN,
lieber,LPR,LV
Taufpate,TFPT,
wollen,VLN,VL
Sie,S,
nicht,NXT,
ein,AN,
Mumpfel,MMPFL,
ebs,APS,
essen,ASN,AS
ein,AN,
Stücklein,XTKLN,
Käs,KS,
oder,ATR,AT
e,A,
Sardinchen,SRTNXN,SRTNX
Gieb,KP,
dir,TR,
keine,KN,
Mühe,MH,
mein,MN,
Gutester,KTXTR,KTXT
ich,A,AX
habe,HP,HV
gar,KR,
keinen,KNN,KN
Hunger,HNKR,HNK
—,,
Ei,A,
du,T,
blitzblaues,PLTSPLS,
Donnerwetter,TNRVTR,TNRVT
—,,
die,T,
Hauptsache,HPTSR,
hätte,HT,
ich,A,AX
beinahe,PNH,
vergessen,FRKSN,VRKS
Was,VS,
meinste,MNXT,
was,VS,
ich,A,AX
da,T,
in,AN,
den,TN,T
Paketen,PKTN,PKT
habe,HP,HV
Da,T,
bin,PN,
ich,A,AX
jetz,YTS,
aber,APR,AV
wunderfitzich,VNTRFTS,VNTRFTSX
da,T,
bin,PN,
ich,A,AX
gespannt,KXPNT,
wie,V,
ein,AN,
Wäschseil,VXSL,
was,VS,
da,T,
drinnen,TRNN,TRN
tut,TT,
sein,SN,
Lauter,LTR,LT
Wurscht,VRXT,
echte,AXT,
Pferdewurst,PFRTFRXT,PFRTVRXT
aus,AS,
meiner,MNR,MN
Fabrik,FPRK,
mit,MT,
Dampfbetrieb,TMPFPTRP,
—,,
Salami,SLM,
Zungen,TSNKN,TSNK
Schwarz,XVRS,XVRTS
Servelat,SRFLT,SRVLT
Fleisch,FLX,
Lyoner,LNR,LN
Frankfurter,FRNKFRTR,FRNKFRT
Bratwurscht,PRTVRXT,
—,,
alles,ALS,
prima,PRM,
geräuchert,KRRRT,
Pfüi,PF,
Deifel,TFL,
Jaa,Y,
mein,MN,
Gutester,KTXTR,KTXT
die,T,
schmeckt,XMKT,
fein,FN,
da,T,
rieche,RX,
mal,ML,
ran,RN,
Na,N,
Die,T,
schmeckt,XMKT,
hirnwietich,HRNVT,HRNVTX
guet,KT,
Siehste,SST,
Johann,YHN,
solche,SLX,
feine,FN,
Wurst,VRXT,
gibt,KPT,
's,S,
nur,NR,
bei,P,
uns,ANS,
daheim,THM,
hier,HR,H
im,AM,
Elsass,ALSS,
oder,ATR,AT
Frankreich,FRNKR,FRNKRX
gibts,KPTS,
so,S,
was,VS,
nicht,NXT,
—,,
ausgeschlossen,ASKXLSN,ASKXLS
Was,VS,
—,,
gilt,KLT,
das,TS,
mir,MR,
Du,T,
bist,PXT,
verrückt,FRKT,VRKT
mein,MN,
Kind,KNT,
Nein,NN,
—,,
nein,NN,
—,,
dass,TS,
pfeift,PFFT,
er,AR,A
allen,ALN,AL
gälten,KLTN,KLT
Wenn,VN,
ich,A,AX
ne,N,
numme,NM,
drüsse,TRS,
hätt,HT,
Wissen,VSN,VS
Sie,S,
was,VS,
Herr,HR,
Automoppel,ATMPL,
—,,
na,N,
ich,A,AX
verbabble,FRPPL,VRPPL
mich,M,MX
immer,AMR,AM
ich,A,AX
kann,KN,
denn,TN,
dabbichten,TPXTN,TPXT
Namen,NMN,NM
nicht,NXT,
behalten,PHLTN,PHLT
Mein,MN,
bester,PXTR,PXT
Johann,YHN,
sage,SK,SY
doch,TR,
einfach,ANFR,AFR
Taufpate,TFPT,
Mein,MN,
Herr,HR,
Taufpate,TFPT,
komm,KM,
wir,VR,
gehen,KYN,KH
ein,AN,
wenig,VNK,VN
fort,FRT,
ein,AN,
paar,PR,
Seidel,STL,
schlänkern,XLNKRN,
wottsch,VTX,
Du,T,
bist,PXT,
ja,Y,
zu,TS,
liebenswürdig,LPNSVRTK,LVNSVRT
—,,
aber,APR,AV
ich,A,AX
bin,PN,
ermüdet,ARMTT,
von,FN,VN
der,TR,T
Reise,RS,
—,,
wir,VR,
bleiben,PLPN,PLV
heute,HT,
zu,TS,
Hause,HS,
und,ANT,
morgen,MRKN,MRK
reisen,RSN,RS
wir,VR,
in,AN,
die,T,
Vogesen,FKSN,VYS
O,A,
jeh,Y,
min,MN,
Kriz,KRS,KRTS
Das,TS,
freut,FRT,
dich,T,TX
doch,TR,
—,,
was,VS,
Oh,A,
dass,TS,
freut,FRT,
mich,M,MX
ganz,KNS,KNTS
gemein,KMN,
Wänn,VN,
de,T,
nur,NR,
biem,PM,
Deifel,TFL,
wärsch,VRX,
Jaa,Y,
—,,
ich,A,AX
will,VL,
die,T,
Zeit,TST,
ausnützen,ASNTSN,ASNTS
wo,V,
ich,A,AX
im,AM,
Elsass,ALSS,
bin,PN,
Meine,MN,
Bauline,PLN,
so,S,
heisst,HST,
meine,MN,
Frau,FR,
die,T,
wollte,VLT,
mich,M,MX
erst,ARXT,
gar,KR,
nicht,NXT,
fahren,FRN,FR
lassen,LSN,LS
sie,S,
hatte,HT,
solche,SLX,
Angst,ANKXT,
es,AS,
könnte,KNT,
mir,MR,
was,VS,
passieren,PSRN,PSR
—,,
es,AS,
passieren,PSRN,PSR
ja,Y,
auch,AR,
immer,AMR,AM
so,S,
viele,FL,VL
Eisenbahnunglücker,ASNPNNKLKR,ASNPNNKLK
Da,T,
muss,MS,
ich,A,AX
Sie,S,
jetzt,YTST,
aber,APR,AV
auch,AR,
dabbicht,TPXT,
fragen,FRKN,FRK
sind,SNT,
Sie,S,
in,AN,
keiner,KNR,KN
Lebensversicherung,LPNSFRSXRNK,LVNSVRSXRNK
Nein,NN,
bis,PS,
heute,HT,
noch,NR,
nicht,NXT,
Aber,APR,AV
aber,APR,AV
lieber,LPR,LV
Herr,HR,
Taufpate,TFPT,
das,TS,
ist,AXT,
kein,KN,
Plan,PLN,
Wenn,VN,
man,MN,
in,AN,
einer,ANR,AN
Lebensversicherung,LPNSFRSXRNK,LVNSVRSXRNK
ist,AXT,
so,S,
passiert,PSRT,
einem,ANM,
sobald,SPLT,SVLT
kein,KN,
Unglück,ANKLK,
Und,ANT,
setzen,STSN,STS
wir,VR,
den,TN,T
Fall,FL,
es,AS,
passierte,PSRT,
Ihnen,ANN,AN
ein,AN,
Unglück,ANKLK,
dann,TN,
würde,VRT,
Ihre,AR,
Frau,FR,
dasitzen,TSTSN,TSTS
mit,MT,
ihren,ARN,AR
zwölf,TSVLF,
Kindern,KNTRN,
Hahaha,HHH,
—,,
ich,A,AX
habe,HP,HV
ja,Y,
gar,KR,
keine,KN,
Kinder,KNTR,KNT
Ich,A,AX
setze,STS,
ja,Y,
nur,NR,
den,TN,T
Fall,FL,
Sie,S,
hätten,HTN,HT
zwölf,TSVLF,
Kinder,KNTR,KNT
und,ANT,
kämen,KMN,KM
tot,TT,
nach,NR,
Hause,HS,
das,TS,
Misere,MSR,
für,FR,
die,T,
Frau,FR,
mit,MT,
den,TN,T
zwölf,TSVLF,
Kindern,KNTRN,
Ach,AR,
Herrjämersch,HRYMRX,
die,T,
armen,ARMN,ARM
Kinder,KNTR,KNT
und,ANT,
kein,KN,
Vater,FTR,VT
mehr,MR,
Seien,SN,S
Sie,S,
nur,NR,
getrost,KTRXT,
ruhig,RHK,RH
und,ANT,
heilen,HLN,HL
Sie,S,
nicht,NXT,
—,,
wir,VR,
können,KNN,KN
die,T,
Sache,SR,
noch,NR,
machen,MRN,MR
—,,
mein,MN,
Patron,PTRN,
ist,AXT,
—,,
das,TS,
heisst,HST,
Ich,A,AX
bin,PN,
ja,Y,
Inspektor,ANXPKTR,
von,FN,VN
einer,ANR,AN
Lebensversicherung,LPNSFRSXRNK,LVNSVRSXRNK
Na,N,
da,T,
musst,MST,
du,T,
mich,M,MX
gleich,KL,KLX
heute,HT,
noch,NR,
versichern,FRSXRN,VRSXRN
O,A,
—,,
so,S,
ebbene,APN,
20,,
000,,
Frs,FRS,
sind,SNT,
Sie,S,
schon,XN,
wert,VRT,
dass,TS,
ist,AXT,
nicht,NXT,
zu,TS,
viel,FL,VL
20,,
000,,
Franks,FRNKS,
Gut,KT,
machen,MRN,MR
wir,VR,
—,,
Ach,AR,
was,VS,
wird,VRT,
da,T,
meine,MN,
Frau,FR,
die,T,
Bauline,PLN,
für,FR,
eine,AN,
Freude,FRT,
haben,HPN,HV
wänn,VN,
ich,A,AX
sage,SK,SY
dass,TS,
sie,S,
20,,
000,,
Franks,FRNKS,
bekommt,PKMT,
wenn,VN,
ich,A,AX
tot,TT,
bin,PN,
Do,T,
haw,HF,HV
i,A,
im,AM,
Patron,PTRN,
e,A,
guet,KT,
's,S,
Gschäft,KXFT,
gemacht,KMRT,
Da,T,
wird,VRT,
sich,S,SX
Ihre,AR,
Frau,FR,
sicher,SXR,SX
eins,ANS,
grunzen,KRNTSN,KRNTS
wenn,VN,
sie,S,
soviel,SFL,SVL
Mummes,MMS,
bekommt,PKMT,
Mummes,MMS,
Es,AS,
hett,HT,
gschellt,KXLT,
Am,AM,
End,ANT,
noch,NR,
so,S,
e,A,
lätzi,LTS,
Visit,FST,VST
Diss,TS,
isch,AX,
dr,TR,
Patron,PTRN,
—,,
es,AS,
isch,AX,
sinn,SN,
Zeiche,TSX,
Wer,VR,V
klingelt,KLNKLT,
denn,TN,
Was,VS,
hast,HXT,
du,T,
denn,TN,
du,T,
bist,PXT,
so,S,
blass,PLS,
Ich,A,AX
will,VL,
gehen,KYN,KH
und,ANT,
will,VL,
aufmachen,AFMRN,AFMR
Nein,NN,
bleib,PLP,
nur,NR,
sitzen,STSN,STS
wenn,VN,
dir,TR,
unwohl,ANVL,
ist,AXT,
ich,A,AX
mache,MR,
schon,XN,
auf,AF,
O,A,
jeh,Y,
mini,MN,
Fües,FS,
schlofe,XLF,
mr.,MR,
Ich,A,AX
bin,PN,
ganz,KNS,KNTS
gerädert,KRTRT,
un,AN,
schwitz,XVTS,
wie,V,
e,A,
Bär,PR,
Stille,XTL,
—,,
Es,AS,
isch,AX,
dr,TR,
Patron,PTRN,
—,,
guet,KT,
Nacht,NRT,
uns,ANS,
Mir,MR,
isch,AX,
's,S,
Läwe,LF,LV
verleid't,FRLTT,VRLTT
war,VR,
ich,A,AX
numme,NM,
drüsse,TRS,
Männel,MNL,
Männel,MNL,
wie,V,
wurd,VRT,
's,S,
uns,ANS,
noch,NR,
gehn,KN,
Sie,S,
kumme,KM,
—,,
versteckle,FRXTKL,VRXTKL
Ejch,AX,
un,AN,
miesli,MSL,
stille,XTL,
gsinn,KSN,
Es,AS,
isch,AX,
dr,TR,
Herr,HR,
—,,
jetz,YTS,
wurd,VRT,
's,S,
bitter,PTR,PT
So,S,
kommen,KMN,KM
Sie,S,
nur,NR,
herein,HRN,
—,,
—,,
Pardon,PRTN,
monsieur,MNSR,
vous,FS,VS
permette,PRMT,
—,,
—,,
—,,
Erlauben,ARLPN,ARLV
dass,TS,
ich,A,AX
mich,M,MX
vorstelle,FRXTL,VRXTL
Otto,AT,
Mobil,MPL,MVL
Pferdewurstfabrik,PFRTFRXTFPRK,PFRTVRXTFPRK
mit,MT,
Dampfbetrieb,TMPFPTRP,
aus,AS,
Dräsden,TRXTN,TRXT
—,,
und,ANT,
hier,HR,H
—,,
Herr,HR,
Johann,YHN,
Meyer,MR,M
Inspektor,ANXPKTR,
Was,VS,
soll,SL,
der,TR,T
sinn,SN,
—,,
Inspektor,ANXPKTR,
Hesch,HX,
widder,VTR,VT
e,A,
Lumpestreich,LMPXTR,LMPXTRX
geliefert,KLFRT,
Witte,VT,
dene,TN,
Frack,FRK,
üsszeje,ASTSY,
—,,
dü,T,
Mein,MN,
Herr,HR,
wollen,VLN,VL
Sie,S,
ruhig,RHK,RH
sein,SN,
Was,VS,
fällt,FLT,
denn,TN,
Ihnen,ANN,AN
ein,AN,
so'n,SN,
Krakeel,KRKL,
zu,TS,
machen,MRN,MR
in,AN,
einer,ANR,AN
fremden,FRMTN,FRMT
Wohnung,VNNK,
In-ere,ANR,
fremde,FRMT,
Wohnung,VNNK,
Ja,Y,
zuem,TSM,
Gücksel,KKSL,
bin,PN,
ich,A,AX
denn,TN,
als,ALS,
noch,NR,
voll,FL,VL
—,,
Ah,A,
do,T,
geht,KT,
mir,MR,
a,A,
Licht,LXT,
uf,AF,
—,,
Das,TS,
ist,AXT,
ja,Y,
Inspektor,ANXPKTR,
Meyer,MR,M
gar,KR,
nicht,NXT,
Was,VS,
Du,T,
bist,PXT,
gar,KR,
nicht,NXT,
Meyer,MR,M
's,S,
Johann,YHN,
Nein,NN,
ich,A,AX
bin,PN,
's,S,
nicht,NXT,
Inspektor,ANXPKTR,
Meyer,MR,M
das,TS,
bin,PN,
ich,A,AX
und,ANT,
das,TS,
ist,AXT,
mein,MN,
Diener,TNR,TN
Jean,YN,
Nein,NN,
so,S,
was,VS,
—,,
das,TS,
ist,AXT,
ja,Y,
ein,AN,
famoser,FMSR,FMS
Spass,XPS,
Dann,TN,
bin,PN,
ich,A,AX
ja,Y,
Dein,TN,
Taufpate,TFPT,
Komm,KM,
an,AN,
mein,MN,
Herz,HRS,HRTS
Johann,YHN,
Exküsiere,AKSKSR,
se,S,
monsieur,MNSR,
—,,
das,TS,
muss,MS,
ein,AN,
Irrtum,ARTM,
sein,SN,
Mein,MN,
Taufpate,TFPT,
ist,AXT,
schon,XN,
längst,LNKXT,
gestorben,KXTRPN,KXTRP
Ja,Y,
zum,TSM,
Kuckuck,KKK,
noch,NR,
mal,ML,
—,,
da,T,
bin,PN,
ich,A,AX
ja,Y,
schön,XN,
ins,ANS,
Döppche,TPX,
getreten,KTRTN,KTRT
Ich,A,AX
will,VL,
zu,TS,
Herrn,HRN,
Johann,YHN,
Meyer,MR,M
der,TR,T
Inspektor,ANXPKTR,
ist,AXT,
und,ANT,
rue,R,
de,T,
la,L,
liberté,LPRT,LVRT
Nr,NR,
39,,
zweiter,TSVTR,TSVT
Stock,XTK,
wohnen,VNN,VN
soll,SL,
Die,T,
Adresse,ATRS,
stimmt,XTMT,
ja,Y,
—,,
aber,APR,AV
—,,
—,,
Halt,HLT,
ich,A,AX
hab,HP,
's,S,
—,,
jetzt,YTST,
wurd,VRT,
's,S,
hell,HL,
Herr,HR,
Auto,AT,
—,,
äh,A,
—,,
Herr,HR,
Ottomopel,ATMPL,
—,,
Sie,S,
sind,SNT,
alleweg,ALFK,ALVK
lätz,LTS,
Auf,AF,
demselben,TMSLPN,TMSLP
Hausgang,HSKNK,
nach,NR,
der,TR,T
anderen,ANTRN,ANTR
Seite,ST,
zu,TS,
da,T,
wohnt,VNT,
auch,AR,
ein,AN,
Meyer,MR,M
und,ANT,
der,TR,T
ist,AXT,
Inspektor,ANXPKTR,
im,AM,
Schlaghaus,XLKS,
Richtig,RXTK,RXT
da,T,
habe,HP,HV
ich,A,AX
im,AM,
ersten,ARXTN,ARXT
Moment,MMNT,MMT
gar,KR,
nicht,NXT,
daran,TRN,
gedacht,KTRT,
Ja,Y,
—,,
so,S,
wird,VRT,
's,S,
wohl,VL,
sein,SN,
Mein,MN,
Herr,HR,
entschuldigen,ANTXLTKN,ATXLTK
Sie,S,
vielmals,FLMLS,VLMLS
meine,MN,
Störung,XTRNK,
es,AS,
tut,TT,
mir,MR,
sehr,SR,
leid,LT,
Möchten,MRTN,MRT
Sie,S,
nicht,NXT,
so,S,
freundlich,FRNTL,FRNTLX
sein,SN,
mir,MR,
ein,AN,
bischen,PXN,PX
zu,TS,
helfen,HLFN,HLF
bei,P,
meinen,MNN,MN
Sachen,SRN,SR
—,,
es,AS,
waren,VRN,VR
acht,ART,
Pakete,PKT,
Sin,SN,
's,S,
alli,AL,
—,,
1,,
2,,
3,,
4,,
5,,
6,,
7,,
—,,
es,AS,
fählt,FLT,
jo,Y,
eins,ANS,
Zeij,TS,
emol,AML,
1,,
2,,
3,,
4,,
5,,
6,,
7,,
8,,
9,,
—,,
jetzt,YTST,
isch,AX,
's,S,
eins,ANS,
zeviel,TSFL,TSVL
—,,
Zehle,TSL,
mr,MR,
noch-emol,NRML,
1,,
2,,
3,,
4,,
5,,
6,,
7,,
—,,
8.,,
Es,AS,
stimmt,XTMT,
Also,ALS,
nun,NN,
Adjee,ATY,
—,,
besten,PXTN,PXT
Dank,TNK,
für,FR,
die,T,
gute,KT,
Aufnahme,AFNM,
und,ANT,
wenn,VN,
se,S,
mal,ML,
gute,KT,
Pferdewurst,PFRTFRXT,PFRTVRXT
wollen,VLN,VL
meine,MN,
Adresse,ATRS,
ist,AXT,
Otto,AT,
Mobil,MPL,MVL
Pferdewurstfabrik,PFRTFRXTFPRK,PFRTVRXTFPRK
mit,MT,
Dampfbetrieb,TMPFPTRP,
in,AN,
Dräsden,TRXTN,TRXT
Gottlob,KTLP,
ass,AS,
i,A,
dene,TN,
los,LS,
hab,HP,
Un,AN,
jetz,YTS,
geht,KT,
's,S,
an,AN,
mich,M,MX
Un,AN,
jetz,YTS,
zue,TS,
dir,TR,
Büerschtel,PRXTL,
Was,VS,
füer,FR,F
e,A,
Lüsbüewestreich,LXPFXTR,LXPVXTRX
hesch,HX,
de,T,
widder,VTR,VT
losgelonn,LSKLN,
hein,HN,
Ei,A,
—,,
ei,A,
—,,
ich,A,AX
hab,HP,
—,,
ich,A,AX
—,,
—,,
Gäll,KL,
es,AS,
fallt,FLT,
dr,TR,
kenn,KN,
Löje,LY,
in,AN,
Doch,TR,
—,,
ich,A,AX
hab,HP,
welle,VL,
sähn,SN,
wie,V,
mr,MR,
Ihrer,ARR,AR
Anglais,ANKLS,
basst,PST,
un,AN,
uewer,AFR,AV
dem,TM,
isch,AX,
diss,TS,
Ottomobil,ATMPL,ATMVL
kumme,KM,
un,AN,
hett,HT,
mich,M,MX
füer,FR,F
dr,TR,
Inspektor,ANXPKTR,
Meyer,MR,M
ghalte,KLT,
un,AN,
d',T,
rno,RN,
—,,
ja,Y,
un,AN,
no,N,
haw-ich,HV,HVX
ne,N,
ülewerred't,ALFRTT,ALVRTT
dass,TS,
er,AR,A
sieh,S,
in,AN,
d',T,
Läwesversicherung,LFSFRSXRNK,LVSVRSXRNK
losst,LST,
ufnämme,AFNM,
füer,FR,F
20,,
000,,
Francs,FRNKS,
Füer,FR,F
20000,,
Frcs,FRKS,
Na,N,
wenn-r,VNR,
sich,S,SX
versichere,FRSXR,VRSXR
losst,LST,
no,N,
will,VL,
ich,A,AX
dr,TR,
noch-emol,NRML,
glauwe,KLF,KLV
was,VS,
de,T,
mr,MR,
vorgelöje,FRKLY,VRKLY
hesch,HX,
—,,
andere,ANTR,
Falls,FLS,
—,,
Es,AS,
isch,AX,
eso,AS,
Patron,PTRN,
Awer,AVR,AY
worum,VRM,
kumme,KM,
se,S,
denn,TN,
widder,VTR,VT
retour,RTR,
Ich,A,AX
hab,HP,
de,T,
Zugg,TSK,
verfählt,FRFLT,VRFLT
—,,
Ich,A,AX
hab,HP,
Blattfües,PLTFS,
bekumme,PKM,
stells,XTLS,
Velo,FL,VL
zuem,TSM,
Abdecker,APTKR,APTK
nin,NN,
un,AN,
lauf,LF,
an,AN,
d',T,
gare,KR,
un,AN,
wie,V,
ich,A,AX
anne,AN,
kumm,KM,
fahrt,FRT,
mr,MR,
dr,TR,
Zugg,TSK,
vor,FR,VR
dr,TR,
Nas,NS,
weg,VK,
Dr,TR,
nägscht,NKXT,
fahrt,FRT,
erscht,ARXT,
noch,NR,
de,T,
viere,FR,VR
no,N,
dät,TT,
's,S,
doch,TR,
ze,TS,
spot,XPT,
wäre,VR,
bis,PS,
ich,A,AX
uf,AF,
Nanci,NNK,
käm,KM,
Ich,A,AX
hab,HP,
awer,AVR,AY
glich,KL,KLX
e,A,
Tepesch,TPX,
ufgänn,AFKN,
dass,TS,
ich,A,AX
bestimmt,PXTMT,
als,ALS,
morje,MRY,
kumm,KM,
Diss,TS,
isch,AX,
awer,AVR,AY
ambedant,AMPTNT,AMPTT
Wenn,VN,
numme,NM,
die,T,
Zwei,TSV,
schun,XN,
drüsse,TRS,
wärde,VRT,
Do,T,
isch,AX,
numme,NM,
die,T,
Kischt,KXT,
vun,FN,VN
nächt,NRT,
schuld,XLT,
dran,TRN,
Lonn,LN,
se,S,
numme,NM,
Patron,PTRN,
—,,
gänn,KN,
se,S,
mir,MR,
ne,N,
ich,A,AX
hänk,HNK,
ne,N,
in,AN,
de,T,
Kaschte,KXT,
Nitt,NT,
ganz,KNS,KNTS
zü,TS,
mache,MR,
Min,MN,
Kopfweh,KPFV,
isch,AX,
als,ALS,
noch,NR,
nitt,NT,
ewäg,AFK,AVK
—,,
Wer,VR,V
hett,HT,
denn,TN,
diss,TS,
Esse,AS,
alles,ALS,
verdaxt,FRTKST,VRTKST
Wer,VR,V
—,,
Wer,VR,V
andersch,ANTRX,
als,ALS,
diss,TS,
Ottomopel,ATMPL,
Na,N,
der,TR,T
sell,SL,
kenn,KN,
Abeditt,APTT,AVTT
hann,HN,
Der,TR,T
hett,HT,
jo,Y,
gässe,KS,
füer,FR,F
zwai,TSV,
Ja,Y,
ja,Y,
Der,TR,T
hett,HT,
gässe,KS,
füer,FR,F
Zwei,TSV,
Awer,AVR,AY
was,VS,
füer,FR,F
zwei,TSV,
Jean,YN,
worum,VRM,
isch,AX,
dr,TR,
Kaschte,KXT,
nitt,NT,
zü,TS,
Dü,T,
weisch,VX,
dass,TS,
ich,A,AX
diss,TS,
nitt,NT,
liede,LT,
kann,KN,
Ich,A,AX
—,,
ich,A,AX
hab,HP,
—,,
ä,A,
—,,
wisse,VS,
se,S,
Patron,PTRN,
—,,
der,TR,T
Schlüssel,XLSL,
schliesst,XLST,
so,S,
schlecht,XLXT,
ich,A,AX
bring,PRNK,
ne,N,
fascht,FXT,
nitt,NT,
erum,ARM,
Was,VS,
de,T,
Schlüssel,XLSL,
geht,KT,
so,S,
schlächt,XLRT,
Plän,PLN,
vun,FN,VN
dir,TR,
dr,TR,
Schlüssel,XLSL,
schliesst,XLST,
ganz,KNS,KNTS
guet,KT,
dü,T,
schicksch,XKX,
dich,T,TX
numme,NM,
so,S,
daub,TP,
O,A,
jeh,Y,
—,,
der,TR,T
verstickt,FRXTKT,VRXTKT
Was,VS,
hesch,HX,
ze,TS,
brummle,PRML,
Ich,A,AX
hab,HP,
nix,NKS,
gsaat,KST,
Patron,PTRN,
Ich,A,AX
dät,TT,
mir,MR,
's,S,
au,A,
schwär,XVR,
verbitte,FRPT,VRPT
dies,TS,
Jetz,YTS,
schlaat,XLT,
's,S,
drizeh,TRTS,
Nix,NKS,
wie,V,
malchance,MLXNK,
haw-ich,HV,HVX
hitt,HT,
E,A,
Kopf,KPF,
wie,V,
e,A,
Seschter,SXTR,SXT
geschwolleni,KXVLN,
Hoor,HR,
dr,TR,
Zugg,TSK,
verfählt,FRFLT,VRFLT
—,,
ei,A,
—,,
ei,A,
Jean,YN,
—,,
Fier,FR,F
Was,VS,
Dejhänkers,THNKRS,
isch,AX,
denn,TN,
mit,MT,
dir,TR,
dü,T,
riedersch,RTRX,
jo,Y,
wie,V,
Äschbelaub,AXPLP,
Was,VS,
isch,AX,
los,LS,
mit,MT,
dir,TR,
Es,AS,
isch,AX,
nix,NKS,
los,LS,
mit,MT,
mr,MR,
Patron,PTRN,
Wenn'r,VNR,
nurre,NR,
nitt,NT,
verstickt,FRXTKT,VRXTKT
Patron,PTRN,
wenn,VN,
se,S,
so,S,
güet,KT,
welle,VL,
sinn,SN,
gänn,KN,
se,S,
mr,MR,
de,T,
Schlüssel,XLSL,
vom,FM,VM
Kaschte,KXT,
Füer,FR,F
was,VS,
Ich,A,AX
möecht,MXT,
—,,
naan,NN,
ich,A,AX
will,VL,
de,T,
Bardessü,PRTS,
üssbüerschte,ASPRXT,
Diss,TS,
hett,HT,
noch,NR,
Zitt,TST,
—,,
rüm,RM,
emol,AML,
z'erscht,SRXT,
de,T,
Disch,TX,
ab,AP,
Patron,PTRN,
—,,
ich,A,AX
hab,HP,
gemerickt,KMRKT,
—,,
ich,A,AX
—,,
ä,A,
—,,
ich,A,AX
glaub,KLP,
ich,A,AX
hab,HP,
gsähne,KSN,
dass,TS,
se,S,
e,A,
Fläcke,FLK,
im,AM,
Bardessü,PRTS,
hann,HN,
hinte,HNT,HT
ja,Y,
hinte,HNT,HT
Ich,A,AX
glaub,KLP,
dü,T,
hesch,HX,
e,A,
Fläcke,FLK,
—,,
awer,AVR,AY
im,AM,
Hirn,HRN,
—,,
Jean,YN,
ich,A,AX
fröj,FR,
dich,T,TX
jetz,YTS,
zuem,TSM,
letschte,LTXT,
Mol,ML,
—,,
was,VS,
hesch,HX,
de,T,
widder,VTR,VT
angstellt,ANKXTLT,
Dü,T,
bisch,PX,
so,S,
verdattert,FRTTRT,VRTTRT
dü,T,
hesch,HX,
ebs,APS,
uf-m,AFM,
Gewisse,KFS,KVS
glich,KL,KLX
gsteh,KXT,
's,S,
Was,VS,
soll,SL,
ich,A,AX
denn,TN,
gstehn,KXTN,
Ich,A,AX
hab,HP,
ganz,KNS,KNTS
sicher,SXR,SX
nix,NKS,
angstellt,ANKXTLT,
—,,
ich,A,AX
hab,HP,
e,A,
Gewisse,KFS,KVS
so,S,
rein,RN,
wie,V,
e,A,
Bitschelbubbel,PTXLPPL,
Na,N,
—,,
na,N,
Uaah,A,
—,,
Aufsch,AFX,
Miner,MNR,MN
Kopf,KPF,
—,,
uuh,A,
Jetzt,YTST,
isch,AX,
's,S,
hüsse,HS,
Oho,AH,
Jetz,YTS,
wäre,VR,
mr,MR,
's,S,
ball,PL,
hüsse,HS,
hann,HN,
Was,VS,
mach'sch,MRX,
denn,TN,
dü,T,
do,T,
hinte,HNT,HT
dü,T,
Dräckgsicht,TRKKSXT,
Kalender,KLNTR,KLNT
Isch,AX,
diss,TS,
Dräckgsicht,TRKKSXT,
jetzt,YTST,
dinn,TN,
rein,RN,
Gewisse,KFS,KVS
dü,T,
Galeesome,KLSM,
Ich,A,AX
hab,HP,
dr,TR,
's,S,
doch,TR,
angsähne,ANKSN,
dass,TS,
ebs,APS,
nitt,NT,
stimmt,XTMT,
—,,
awer,AVR,AY
jetz,YTS,
raucht,RRT,
's,S,
in,AN,
dr,TR,
Fächtschuel,FRTXL,
Ich,A,AX
schmiss,XMS,
Ejch,AX,
nüss,NS,
dass-r,TSR,
Hals,HLS,
un,AN,
Bein,PN,
breche,PRX,
Wer,VR,V
klopft,KLPFT,
denn,TN,
—,,
Entrez,ANTRS,ATRTS
Mache,MR,
uf,AF,
—,,
Diss,TS,
kummt,KMT,
jo,Y,
üss-em,ASM,
Kaschte,KXT,
—,,
do,T,
huckt,HKT,
allewäj,ALF,ALV
noch,NR,
so,S,
e,A,
Vöjel,FYL,VYL
A,A,
bonjour,PNYR,
Monsieur,MNSR,
Meyer,MR,M
est-ce,AXTK,
que,KV,
je,Y,
vous,FS,VS
dérange,TRNK,
Männel,MNL,
Männel,MNL,
—,,
isch,AX,
diss,TS,
e,A,
Schnäpsel,XNPSL,
—,,
hüpp,HP,
Witt,VT,
dü,T,
die,T,
Schnapsboudell,XNPXPTL,
un,AN,
die,T,
Cigarre,KKR,KYR
häre,HR,
gänn,KN,
Ich,A,AX
bin,PN,
glauwi,KLF,KLV
e,A,
Flieger,FLKR,FLY
—,,
hüpp,HP,
Do,T,
stehn,XTN,
se,S,
jetzt,YTST,
die,T,
drej,TR,
Galjevöjel,KLYFYL,KLYVYL
So,S,
haltsch,HLTX,
dü,T,
dinn,TN,
Verspräche,FRXPRR,VRXPRR
Hesch,HX,
denn,TN,
kenn,KN,
Ehrgefüehl,ARKFL,
im,AM,
Lieb,LP,
hein,HN,
Un,AN,
Ihr,AR,
zwei,TSV,
—,,
wie,V,
kumme,KM,
Ihr,AR,
denn,TN,
üewerhaupt,AFRHPT,AVRHPT
do,T,
rinn,RN,
Ei,A,
do,T,
—,,
durch,TRX,
die,T,
Düer,TR,T
—,,
hüpp,HP,
Na,N,
ich,A,AX
wurr,VR,
ganz,KNS,KNTS
kurze,KRTS,
Prozess,PRTSS,
mache,MR,
ich,A,AX
zeij,TS,
ejch,AX,
alli,AL,
Drej,TR,
im,AM,
Gendarm,KNTRM,
an,AN,
Ooh,A,
Monsieur,MNSR,
Meyer,MR,M
nurre,NR,
diss,TS,
nitt,NT,
Monsieur,MNSR,
Meyer,MR,M
—,,
ich,A,AX
hab,HP,
min'r,MNR,
Namesdaa,NMXT,
welle,VL,
fiere,FR,
Meyer,MR,M
Was,VS,
dinner,TNR,TN
Namesdaa,NMXT,
hitt,HT,
isch,AX,
doch,TR,
nitt,NT,
Jean,YN,
Awer,AVR,AY
hitt,HT,
haw-ich,HV,HVX
grad,KRT,
Zitt,TST,
—,,
ich,A,AX
hab,HP,
nitt,NT,
alle,AL,
Daa,T,
frej,FR,
Herr,HR,
Meyer,MR,M
—,,
ich,A,AX
hab,HP,
de,T,
Jean,YN,
numme,NM,
welle,VL,
fröje,FRY,
well,VL,
Zitt,TST,
dass,TS,
isch,AX,
—,,
un,AN,
no,N,
—,,
—,,
So,S,
—,,
so,S,
—,,
do,T,
bisch,PX,
dü,T,
jo,Y,
ganz,KNS,KNTS
unschuldi,ANXLT,
Ja,Y,
Na,N,
dü,T,
wursch,VRX,
jetz,YTS,
schun,XN,
erfahre,ARFR,
well,VL,
Zitt,TST,
ass,AS,
isch,AX,
—,,
Es,AS,
hett,HT,
gschellt,KXLT,
Zeruck,TSRK,
un,AN,
do,T,
stehn,XTN,
gebliewe,KPLF,KPLV
ich,A,AX
mach,MR,
sälwer,SLVR,SLV
uf,AF,
Diss,TS,
gitt,KT,
mir,MR,
e,A,
netti,NT,
Sauce,SK,
—,,
hüpp,HP,
Ich,A,AX
wurr,VR,
e,A,
netti,NT,
Söjerej,SYR,
bekumme,PKM,
vun,FN,VN
mim,MM,
Chef,KF,XF
Awer,AVR,AY
dü,T,
bisch,PX,
schuld,XLT,
an,AN,
allem,ALM,
Ja,Y,
—,,
dü,T,
bisch,PX,
—,,
hüpp,HP,
—,,
dran,TRN,
schuld,XLT,
Soo,S,
—,,
jetz,YTS,
bin,PN,
ich,A,AX
au,A,
noch,NR,
schuld,XLT,
dran,TRN,
isch,AX,
diss,TS,
dr,TR,
Dank,TNK,
füer,FR,F
's,S,
Esse,AS,
un,AN,
's,S,
Drinke,TRNK,
Ich,A,AX
hab,HP,
jo,Y,
gar,KR,
nix,NKS,
welle,VL,
esse,AS,
dü,T,
hesch,HX,
mich,M,MX
jo,Y,
müen,MN,M
zwinge,TSVNK,
dezü,TTS,
Un,AN,
ich,A,AX
hätt-dr,HTTR,
druff,TRF,
geblosse,KPLS,
—,,
hüpp,HP,
O,A,
Ihr,AR,
eländi,ALNT,
Kaiwe,KF,KV
dass-r,TSR,
sinn,SN,
Ihr,AR,
Schmuerel,XMRL,
Was,VS,
saasch,SX,
dü,T,
uns,ANS,
Ja,Y,
zuem,TSM,
Gücksel,KKSL,
jetz,YTS,
wurd,VRT,
's,S,
guet,KT,
Ei,A,
Herrjämersch,HRYMRX,
—,,
Sie,S,
haben,HPN,HV
ja,Y,
Besuch,PSR,
Herr,HR,
Meyer,MR,M
—,,
Da,T,
geht,KT,
's,S,
ja,Y,
ganz,KNS,KNTS
putzich,PTS,PTSX
zu,TS,
bei,P,
Ihnen,ANN,AN
Ja,Y,
sehen,SYN,SH
Sie,S,
Herr,HR,
Mobil,MPL,MVL
mein,MN,
Diener,TNR,TN
hat,HT,
während,VRNT,
meiner,MNR,MN
Abwesenheit,APVSNT,
seine,SN,
beiden,PTN,PT
Kumpane,KMPN,
hier,HR,H
bewirtet,PFRTT,PVRTT
und,ANT,
als,ALS,
Sie,S,
dann,TN,
plötzlich,PLTSL,PLTSLX
hereingeschneit,HRNKXNT,
kamen,KMN,KM
da,T,
hat,HT,
sich,S,SX
dieser,TSR,TS
Dreckfink,TRKFNK,
hinter,HNTR,HT
den,TN,T
Fauteuil,FTL,
versteckt,FRXTKT,VRXTKT
und,ANT,
dieser,TSR,TS
Poilu,PL,
im,AM,
Schrank,XRNK,
dort,TRT,
Ach,AR,
nee,N,
dass,TS,
ist,AXT,
ja,Y,
wees,VS,
Kneppche,KNPX,
ganz,KNS,KNTS
komisch,KMX,
—,,
aber,APR,AV
nu,N,
geben,KPN,KV
Sie,S,
mir,MR,
bitte,PT,
meinen,MNN,MN
Schirm,XRM,
wieder,VTR,VT
den,TN,T
ich,A,AX
habe,HP,HV
stehen,XTYN,XTH
lassen,LSN,LS
Hier,HR,H
steht-r,XTTR,
ja,Y,
Und,ANT,
wie,V,
ist,AXT,
es,AS,
Herr,HR,
Ottomobil,ATMPL,ATMVL
Sie,S,
wollten,VLTN,VLT
sich,S,SX
doch,TR,
in,AN,
die,T,
Lebensversicherung,LPNSFRSXRNK,LVNSVRSXRNK
aufnehmen,AFNMN,AFNM
lassen,LSN,LS
Herr,HR,
Meyer,MR,M
wird,VRT,
es,AS,
Ihnen,ANN,AN
besorgen,PSRKN,PSRK
Spitzbue,XPTSP,
—,,
witt,VT,
dich,T,TX
widder,VTR,VT
anschmüse,ANXMS,
Ei,A,
du,T,
blitzblaues,PLTSPLS,
Donnerwetter,TNRVTR,TNRVT
noch,NR,
mal,ML,
das,TS,
hätte,HT,
ich,A,AX
fast,FXT,
vergässen,FRKSN,VRKS
Nich,N,NX
wahr,VR,
Herr,HR,
Meyer,MR,M
Sie,S,
sind,SNT,
so,S,
freundlich,FRNTL,FRNTLX
und,ANT,
nehmen,NMN,NM
mich,M,MX
in,AN,
die,T,
Versicherung,FRSXRNK,VRSXRNK
auf,AF,
damit,TMT,
ich,A,AX
keine,KN,
Angst,ANKXT,
mehr,MR,
zu,TS,
haben,HPN,HV
brauche,PRR,
und,ANT,
meine,MN,
Bauline,PLN,
das,TS,
ist,AXT,
se,S,
nämlich,NML,NMLX
meine,MN,
Frau,FR,
der,TR,T
will,VL,
ich,A,AX
auch,AR,
ne,N,
Freude,FRT,
bereiten,PRTN,PRT
Aber,APR,AV
mit,MT,
dem,TM,
grössten,KRSTN,KRST
Vergnügen,FRKNKN,VRKNK
Herr,HR,
Mobil,MPL,MVL
E,A,
Moment,MMNT,MMT
—,,
Worum,VRM,
saat-r,STR,
mir,MR,
denn,TN,
allewill,ALFL,ALVL
Dräckgsicht,TRKKSXT,
Betrachten,PTRRTN,PTRRT
Sie,S,
nur,NR,
mal,ML,
Ihre,AR,
Visage,FSK,VSY
im,AM,
Spiegel,XPKL,XPYL
Herrjeh,HRY,
—,,
ich,A,AX
bin,PN,
jo,Y,
ganz,KNS,KNTS
verschmiert,FRXMRT,VRXMRT
—,,
diss,TS,
sinn,SN,
Ihr,AR,
zwei,TSV,
gsinn,KSN,
—,,
na,N,
kumme,KM,
numme,NM,
nüss,NS,
Ihr,AR,
scheint,XNT,XT
mir,MR,
ja,Y,
eine,AN,
ganz,KNS,KNTS
gelungene,KLNKN,
Sippschaft,SPXFT,
zu,TS,
sein,SN,
—,,
hahaha,HHH,
Jetzt,YTST,
wird,VRT,
mir,MR,
's,S,
auch,AR,
klar,KLR,
wie,V,
Wurschtsuppe,VRXTSP,
Sie,S,
waren,VRN,VR
der,TR,T
—,,
der,TR,T
Papagei,PPK,PPY
der,TR,T
kam,KM,
mir,MR,
doch,TR,
gleich,KL,KLX
so,S,
komisch,KMX,
vor,FR,VR
mit,MT,
seiner,SNR,SN
Stimme,XTM,
und,ANT,
Sie,S,
na,N,
wie,V,
hiess,HS,
der,TR,T
Vogel,FKL,VYL
Ich,A,AX
—,,
hüpp,HP,
—,,
ich,A,AX
war,VR,
die,T,
Atzel,ATSL,
Ja,Y,
—,,
richtig,RXTK,RXT
die,T,
Atzel,ATSL,
Un,AN,
dü,T,
bisch,PX,
e,A,
Spatz,XPTS,
E,A,
Tepesch,TPX,
vun,FN,VN
dr,TR,
Generaldirektion,KNRLTRKTN,
üss,AS,
Nanci,NNK,
—,,
vum,FM,VM
nächschte,NXXT,
Monet,MNT,
ab,AP,
bin,PN,
ich,A,AX
Generalagent,KNRLKNT,KNRLYT
in,AN,
Strosburri,XTRXPR,
—,,
Gratüliere,KRTLR,
Herr,HR,
Meyer,MR,M
gratüliere,KRTLR,
Mir,MR,
gratüliere,KRTLR,
au,A,
Bliewe,PLF,PLV
mr,MR,
numme,NM,
vum,FM,VM
Stand,XTNT,
—,,
Ihr,AR,
—,,
—,,
Verzej-se,FRTSS,VRTSS
uns,ANS,
monsieur,MNSR,
Meyer,MR,M
Patron,PTRN,
—,,
verzeje,FRTSY,VRTSY
se,S,
mr,MR,
numme,NM,
noch,NR,
diss,TS,
einte,ANT,AT
Mol,ML,
—,,
es,AS,
soll,SL,
mr,MR,
e,A,
Warnung,VRNNK,
sinn,SN,
was,VS,
ich,A,AX
hitt,HT,
üsgstande,ASKXTNT,
hab,HP,
Ich,A,AX
due,T,
sicher,SXR,SX
hitt,HT,
nix,NKS,
meh,M,
anstelle,ANXTL,
Na,N,
Herr,HR,
Meyer,MR,M
seien,SN,S
Sie,S,
nich,N,NX
so,S,
hart,HRT,
wie,V,
ne,N,
Salamiwurst,SLMFRXT,SLMVRXT
—,,
Sie,S,
wissen,VSN,VS
ja,Y,
Jugend,YKNT,YYNT
kennt,KNT,
keine,KN,
Tugend,TKNT,TYNT
Mintswäje,MNTSVY,MTSVY
will,VL,
ich,A,AX
hitt,HT,
noch,NR,
so,S,
Chance,KNK,XNK
hab,HP,
ze,TS,
will,VL,
ich,A,AX
noch,NR,
emol,AML,
beidi,PT,
Aue,A,
züdruecke,TSTRK,
un,AN,
will,VL,
's,S,
Ejch,AX,
durich,TR,TRX
lonn,LN,
gehn,KN,
Vielmols,FLMLS,VLMLS
merci,MRK,
Patron,PTRN,
—,,
Dr,TR,
nej,N,
Generalagent,KNRLKNT,KNRLYT
soll,SL,
läwe,LF,LV
vive,FF,VV
vive,FF,VV
vive,FF,VV
